
> frontend@0.1.0 build
> next build

Ôû▓ Next.js 16.2.4 (Turbopack)

  Creating an optimized production build ...

> Build error occurred
Error: Turbopack build failed with 190 errors:
./app/(protected)/audit-logs/page.tsx:8:1
Export TBody doesn't exist in target module
   6 | import { Input } from "@/components/ui/input"
   7 | import { Select } from "@/components/ui/select"
>  8 | import { Table, TBody, TD, TH, THead, TR } from "@/components/ui/table"
     | ^^^^^^^^^^^^^^^^^^^^^^^^^^^^^^^^^^^^^^^^^^^^^^^^^^^^^^^^^^^^^^^^^^^^^^^
   9 | import {
  10 |     actionBadgeVariant,
  11 |     AUDIT_ACTIONS,

The export TBody was not found in module [project]/components/ui/table.tsx [app-client] (ecmascript).
Did you mean to import TableFooter?
All exports of the module are statically known (It doesn't have dynamic exports). So it's known statically that the requested export doesn't exist.

Import traces:
  Client Component Browser:
    ./app/(protected)/audit-logs/page.tsx [Client Component Browser]
    ./app/(protected)/audit-logs/page.tsx [Server Component]

  Client Component SSR:
    ./app/(protected)/audit-logs/page.tsx [Client Component SSR]
    ./app/(protected)/audit-logs/page.tsx [Server Component]


./app/(protected)/audit-logs/page.tsx:8:1
Export TBody doesn't exist in target module
   6 | import { Input } from "@/components/ui/input"
   7 | import { Select } from "@/components/ui/select"
>  8 | import { Table, TBody, TD, TH, THead, TR } from "@/components/ui/table"
     | ^^^^^^^^^^^^^^^^^^^^^^^^^^^^^^^^^^^^^^^^^^^^^^^^^^^^^^^^^^^^^^^^^^^^^^^
   9 | import {
  10 |     actionBadgeVariant,
  11 |     AUDIT_ACTIONS,

The export TBody was not found in module [project]/components/ui/table.tsx [app-ssr] (ecmascript).
Did you mean to import TableFooter?
All exports of the module are statically known (It doesn't have dynamic exports). So it's known statically that the requested export doesn't exist.

Import traces:
  Client Component Browser:
    ./app/(protected)/audit-logs/page.tsx [Client Component Browser]
    ./app/(protected)/audit-logs/page.tsx [Server Component]

  Client Component SSR:
    ./app/(protected)/audit-logs/page.tsx [Client Component SSR]
    ./app/(protected)/audit-logs/page.tsx [Server Component]


./app/(protected)/categories/page.tsx:5:1
Export TBody doesn't exist in target module
  3 | import { ConfirmDialog } from "@/components/overlays/confirm-dialog"
  4 | import { Button } from "@/components/ui/button"
> 5 | import { Table, TBody, TD, TH, THead, TR } from "@/components/ui/table"
    | ^^^^^^^^^^^^^^^^^^^^^^^^^^^^^^^^^^^^^^^^^^^^^^^^^^^^^^^^^^^^^^^^^^^^^^^
  6 | import { isApiError, useAuth } from "@/lib/auth"
  7 | import { useCategories, useDeleteCategory, type Category } from "@/lib/categories"
  8 | import { Pencil, Plus, Trash2 } from "lucide-react"

The export TBody was not found in module [project]/components/ui/table.tsx [app-client] (ecmascript).
Did you mean to import TableFooter?
All exports of the module are statically known (It doesn't have dynamic exports). So it's known statically that the requested export doesn't exist.

Import traces:
  Client Component Browser:
    ./app/(protected)/categories/page.tsx [Client Component Browser]
    ./app/(protected)/categories/page.tsx [Server Component]

  Client Component SSR:
    ./app/(protected)/categories/page.tsx [Client Component SSR]
    ./app/(protected)/categories/page.tsx [Server Component]


./app/(protected)/categories/page.tsx:5:1
Export TBody doesn't exist in target module
  3 | import { ConfirmDialog } from "@/components/overlays/confirm-dialog"
  4 | import { Button } from "@/components/ui/button"
> 5 | import { Table, TBody, TD, TH, THead, TR } from "@/components/ui/table"
    | ^^^^^^^^^^^^^^^^^^^^^^^^^^^^^^^^^^^^^^^^^^^^^^^^^^^^^^^^^^^^^^^^^^^^^^^
  6 | import { isApiError, useAuth } from "@/lib/auth"
  7 | import { useCategories, useDeleteCategory, type Category } from "@/lib/categories"
  8 | import { Pencil, Plus, Trash2 } from "lucide-react"

The export TBody was not found in module [project]/components/ui/table.tsx [app-ssr] (ecmascript).
Did you mean to import TableFooter?
All exports of the module are statically known (It doesn't have dynamic exports). So it's known statically that the requested export doesn't exist.

Import traces:
  Client Component Browser:
    ./app/(protected)/categories/page.tsx [Client Component Browser]
    ./app/(protected)/categories/page.tsx [Server Component]

  Client Component SSR:
    ./app/(protected)/categories/page.tsx [Client Component SSR]
    ./app/(protected)/categories/page.tsx [Server Component]


./app/(protected)/ingredients/page.tsx:8:1
Export TBody doesn't exist in target module
   6 | import { Field } from "@/components/ui/field"
   7 | import { Select } from "@/components/ui/select"
>  8 | import { Table, TBody, TD, TH, THead, TR } from "@/components/ui/table"
     | ^^^^^^^^^^^^^^^^^^^^^^^^^^^^^^^^^^^^^^^^^^^^^^^^^^^^^^^^^^^^^^^^^^^^^^^
   9 | import { isApiError, useAuth } from "@/lib/auth"
  10 | import { useAllCategories } from "@/lib/categories"
  11 | import {

The export TBody was not found in module [project]/components/ui/table.tsx [app-client] (ecmascript).
Did you mean to import TableFooter?
All exports of the module are statically known (It doesn't have dynamic exports). So it's known statically that the requested export doesn't exist.

Import traces:
  Client Component Browser:
    ./app/(protected)/ingredients/page.tsx [Client Component Browser]
    ./app/(protected)/ingredients/page.tsx [Server Component]

  Client Component SSR:
    ./app/(protected)/ingredients/page.tsx [Client Component SSR]
    ./app/(protected)/ingredients/page.tsx [Server Component]


./app/(protected)/ingredients/page.tsx:8:1
Export TBody doesn't exist in target module
   6 | import { Field } from "@/components/ui/field"
   7 | import { Select } from "@/components/ui/select"
>  8 | import { Table, TBody, TD, TH, THead, TR } from "@/components/ui/table"
     | ^^^^^^^^^^^^^^^^^^^^^^^^^^^^^^^^^^^^^^^^^^^^^^^^^^^^^^^^^^^^^^^^^^^^^^^
   9 | import { isApiError, useAuth } from "@/lib/auth"
  10 | import { useAllCategories } from "@/lib/categories"
  11 | import {

The export TBody was not found in module [project]/components/ui/table.tsx [app-ssr] (ecmascript).
Did you mean to import TableFooter?
All exports of the module are statically known (It doesn't have dynamic exports). So it's known statically that the requested export doesn't exist.

Import traces:
  Client Component Browser:
    ./app/(protected)/ingredients/page.tsx [Client Component Browser]
    ./app/(protected)/ingredients/page.tsx [Server Component]

  Client Component SSR:
    ./app/(protected)/ingredients/page.tsx [Client Component SSR]
    ./app/(protected)/ingredients/page.tsx [Server Component]


./app/(protected)/notifications/page.tsx:8:1
Export TBody doesn't exist in target module
   6 | import { Input } from "@/components/ui/input"
   7 | import { Select } from "@/components/ui/select"
>  8 | import { Table, TBody, TD, TH, THead, TR } from "@/components/ui/table"
     | ^^^^^^^^^^^^^^^^^^^^^^^^^^^^^^^^^^^^^^^^^^^^^^^^^^^^^^^^^^^^^^^^^^^^^^^
   9 | import {
  10 |     NOTIFICATION_STATUSES,
  11 |     useNotifications,

The export TBody was not found in module [project]/components/ui/table.tsx [app-client] (ecmascript).
Did you mean to import TableFooter?
All exports of the module are statically known (It doesn't have dynamic exports). So it's known statically that the requested export doesn't exist.

Import traces:
  Client Component Browser:
    ./app/(protected)/notifications/page.tsx [Client Component Browser]
    ./app/(protected)/notifications/page.tsx [Server Component]

  Client Component SSR:
    ./app/(protected)/notifications/page.tsx [Client Component SSR]
    ./app/(protected)/notifications/page.tsx [Server Component]


./app/(protected)/notifications/page.tsx:8:1
Export TBody doesn't exist in target module
   6 | import { Input } from "@/components/ui/input"
   7 | import { Select } from "@/components/ui/select"
>  8 | import { Table, TBody, TD, TH, THead, TR } from "@/components/ui/table"
     | ^^^^^^^^^^^^^^^^^^^^^^^^^^^^^^^^^^^^^^^^^^^^^^^^^^^^^^^^^^^^^^^^^^^^^^^
   9 | import {
  10 |     NOTIFICATION_STATUSES,
  11 |     useNotifications,

The export TBody was not found in module [project]/components/ui/table.tsx [app-ssr] (ecmascript).
Did you mean to import TableFooter?
All exports of the module are statically known (It doesn't have dynamic exports). So it's known statically that the requested export doesn't exist.

Import traces:
  Client Component Browser:
    ./app/(protected)/notifications/page.tsx [Client Component Browser]
    ./app/(protected)/notifications/page.tsx [Server Component]

  Client Component SSR:
    ./app/(protected)/notifications/page.tsx [Client Component SSR]
    ./app/(protected)/notifications/page.tsx [Server Component]


./app/(protected)/orders/[id]/page.tsx:6:1
Export TBody doesn't exist in target module
  4 | import { Badge } from "@/components/ui/badge"
  5 | import { Button } from "@/components/ui/button"
> 6 | import { Table, TBody, TD, TH, THead, TR } from "@/components/ui/table"
    | ^^^^^^^^^^^^^^^^^^^^^^^^^^^^^^^^^^^^^^^^^^^^^^^^^^^^^^^^^^^^^^^^^^^^^^^
  7 | import { isApiError, useAuth } from "@/lib/auth"
  8 | import {
  9 |     useCancelOrder,

The export TBody was not found in module [project]/components/ui/table.tsx [app-client] (ecmascript).
Did you mean to import TableFooter?
All exports of the module are statically known (It doesn't have dynamic exports). So it's known statically that the requested export doesn't exist.

Import traces:
  Client Component Browser:
    ./app/(protected)/orders/[id]/page.tsx [Client Component Browser]
    ./app/(protected)/orders/[id]/page.tsx [Server Component]

  Client Component SSR:
    ./app/(protected)/orders/[id]/page.tsx [Client Component SSR]
    ./app/(protected)/orders/[id]/page.tsx [Server Component]


./app/(protected)/orders/[id]/page.tsx:6:1
Export TBody doesn't exist in target module
  4 | import { Badge } from "@/components/ui/badge"
  5 | import { Button } from "@/components/ui/button"
> 6 | import { Table, TBody, TD, TH, THead, TR } from "@/components/ui/table"
    | ^^^^^^^^^^^^^^^^^^^^^^^^^^^^^^^^^^^^^^^^^^^^^^^^^^^^^^^^^^^^^^^^^^^^^^^
  7 | import { isApiError, useAuth } from "@/lib/auth"
  8 | import {
  9 |     useCancelOrder,

The export TBody was not found in module [project]/components/ui/table.tsx [app-ssr] (ecmascript).
Did you mean to import TableFooter?
All exports of the module are statically known (It doesn't have dynamic exports). So it's known statically that the requested export doesn't exist.

Import traces:
  Client Component Browser:
    ./app/(protected)/orders/[id]/page.tsx [Client Component Browser]
    ./app/(protected)/orders/[id]/page.tsx [Server Component]

  Client Component SSR:
    ./app/(protected)/orders/[id]/page.tsx [Client Component SSR]
    ./app/(protected)/orders/[id]/page.tsx [Server Component]


./app/(protected)/orders/page.tsx:8:1
Export TBody doesn't exist in target module
   6 | import { Input } from "@/components/ui/input"
   7 | import { Select } from "@/components/ui/select"
>  8 | import { Table, TBody, TD, TH, THead, TR } from "@/components/ui/table"
     | ^^^^^^^^^^^^^^^^^^^^^^^^^^^^^^^^^^^^^^^^^^^^^^^^^^^^^^^^^^^^^^^^^^^^^^^
   9 | import { useAuth } from "@/lib/auth"
  10 | import {
  11 |     ORDER_STATUSES,

The export TBody was not found in module [project]/components/ui/table.tsx [app-client] (ecmascript).
Did you mean to import TableFooter?
All exports of the module are statically known (It doesn't have dynamic exports). So it's known statically that the requested export doesn't exist.

Import traces:
  Client Component Browser:
    ./app/(protected)/orders/page.tsx [Client Component Browser]
    ./app/(protected)/orders/page.tsx [Server Component]

  Client Component SSR:
    ./app/(protected)/orders/page.tsx [Client Component SSR]
    ./app/(protected)/orders/page.tsx [Server Component]


./app/(protected)/orders/page.tsx:8:1
Export TBody doesn't exist in target module
   6 | import { Input } from "@/components/ui/input"
   7 | import { Select } from "@/components/ui/select"
>  8 | import { Table, TBody, TD, TH, THead, TR } from "@/components/ui/table"
     | ^^^^^^^^^^^^^^^^^^^^^^^^^^^^^^^^^^^^^^^^^^^^^^^^^^^^^^^^^^^^^^^^^^^^^^^
   9 | import { useAuth } from "@/lib/auth"
  10 | import {
  11 |     ORDER_STATUSES,

The export TBody was not found in module [project]/components/ui/table.tsx [app-ssr] (ecmascript).
Did you mean to import TableFooter?
All exports of the module are statically known (It doesn't have dynamic exports). So it's known statically that the requested export doesn't exist.

Import traces:
  Client Component Browser:
    ./app/(protected)/orders/page.tsx [Client Component Browser]
    ./app/(protected)/orders/page.tsx [Server Component]

  Client Component SSR:
    ./app/(protected)/orders/page.tsx [Client Component SSR]
    ./app/(protected)/orders/page.tsx [Server Component]


./app/(protected)/products/[id]/page.tsx:6:1
Export TBody doesn't exist in target module
  4 | import { Badge } from "@/components/ui/badge"
  5 | import { Button } from "@/components/ui/button"
> 6 | import { Table, TBody, TD, TH, THead, TR } from "@/components/ui/table"
    | ^^^^^^^^^^^^^^^^^^^^^^^^^^^^^^^^^^^^^^^^^^^^^^^^^^^^^^^^^^^^^^^^^^^^^^^
  7 | import { isApiError, useAuth } from "@/lib/auth"
  8 | import { useDeactivateProduct, useProduct } from "@/lib/products"
  9 | import Link from "next/link"

The export TBody was not found in module [project]/components/ui/table.tsx [app-client] (ecmascript).
Did you mean to import TableFooter?
All exports of the module are statically known (It doesn't have dynamic exports). So it's known statically that the requested export doesn't exist.

Import traces:
  Client Component Browser:
    ./app/(protected)/products/[id]/page.tsx [Client Component Browser]
    ./app/(protected)/products/[id]/page.tsx [Server Component]

  Client Component SSR:
    ./app/(protected)/products/[id]/page.tsx [Client Component SSR]
    ./app/(protected)/products/[id]/page.tsx [Server Component]


./app/(protected)/products/[id]/page.tsx:6:1
Export TBody doesn't exist in target module
  4 | import { Badge } from "@/components/ui/badge"
  5 | import { Button } from "@/components/ui/button"
> 6 | import { Table, TBody, TD, TH, THead, TR } from "@/components/ui/table"
    | ^^^^^^^^^^^^^^^^^^^^^^^^^^^^^^^^^^^^^^^^^^^^^^^^^^^^^^^^^^^^^^^^^^^^^^^
  7 | import { isApiError, useAuth } from "@/lib/auth"
  8 | import { useDeactivateProduct, useProduct } from "@/lib/products"
  9 | import Link from "next/link"

The export TBody was not found in module [project]/components/ui/table.tsx [app-ssr] (ecmascript).
Did you mean to import TableFooter?
All exports of the module are statically known (It doesn't have dynamic exports). So it's known statically that the requested export doesn't exist.

Import traces:
  Client Component Browser:
    ./app/(protected)/products/[id]/page.tsx [Client Component Browser]
    ./app/(protected)/products/[id]/page.tsx [Server Component]

  Client Component SSR:
    ./app/(protected)/products/[id]/page.tsx [Client Component SSR]
    ./app/(protected)/products/[id]/page.tsx [Server Component]


./app/(protected)/products/page.tsx:8:1
Export TBody doesn't exist in target module
   6 | import { Field } from "@/components/ui/field"
   7 | import { Select } from "@/components/ui/select"
>  8 | import { Table, TBody, TD, TH, THead, TR } from "@/components/ui/table"
     | ^^^^^^^^^^^^^^^^^^^^^^^^^^^^^^^^^^^^^^^^^^^^^^^^^^^^^^^^^^^^^^^^^^^^^^^
   9 | import { isApiError, useAuth } from "@/lib/auth"
  10 | import { useAllCategories } from "@/lib/categories"
  11 | import {

The export TBody was not found in module [project]/components/ui/table.tsx [app-client] (ecmascript).
Did you mean to import TableFooter?
All exports of the module are statically known (It doesn't have dynamic exports). So it's known statically that the requested export doesn't exist.

Import traces:
  Client Component Browser:
    ./app/(protected)/products/page.tsx [Client Component Browser]
    ./app/(protected)/products/page.tsx [Server Component]

  Client Component SSR:
    ./app/(protected)/products/page.tsx [Client Component SSR]
    ./app/(protected)/products/page.tsx [Server Component]


./app/(protected)/products/page.tsx:8:1
Export TBody doesn't exist in target module
   6 | import { Field } from "@/components/ui/field"
   7 | import { Select } from "@/components/ui/select"
>  8 | import { Table, TBody, TD, TH, THead, TR } from "@/components/ui/table"
     | ^^^^^^^^^^^^^^^^^^^^^^^^^^^^^^^^^^^^^^^^^^^^^^^^^^^^^^^^^^^^^^^^^^^^^^^
   9 | import { isApiError, useAuth } from "@/lib/auth"
  10 | import { useAllCategories } from "@/lib/categories"
  11 | import {

The export TBody was not found in module [project]/components/ui/table.tsx [app-ssr] (ecmascript).
Did you mean to import TableFooter?
All exports of the module are statically known (It doesn't have dynamic exports). So it's known statically that the requested export doesn't exist.

Import traces:
  Client Component Browser:
    ./app/(protected)/products/page.tsx [Client Component Browser]
    ./app/(protected)/products/page.tsx [Server Component]

  Client Component SSR:
    ./app/(protected)/products/page.tsx [Client Component SSR]
    ./app/(protected)/products/page.tsx [Server Component]


./app/(protected)/purchase-orders/[id]/page.tsx:6:1
Export TBody doesn't exist in target module
  4 | import { Badge } from "@/components/ui/badge"
  5 | import { Button } from "@/components/ui/button"
> 6 | import { Table, TBody, TD, TH, THead, TR } from "@/components/ui/table"
    | ^^^^^^^^^^^^^^^^^^^^^^^^^^^^^^^^^^^^^^^^^^^^^^^^^^^^^^^^^^^^^^^^^^^^^^^
  7 | import { isApiError, useAuth } from "@/lib/auth"
  8 | import {
  9 |     useCancelPurchaseOrder,

The export TBody was not found in module [project]/components/ui/table.tsx [app-client] (ecmascript).
Did you mean to import TableFooter?
All exports of the module are statically known (It doesn't have dynamic exports). So it's known statically that the requested export doesn't exist.

Import traces:
  Client Component Browser:
    ./app/(protected)/purchase-orders/[id]/page.tsx [Client Component Browser]
    ./app/(protected)/purchase-orders/[id]/page.tsx [Server Component]

  Client Component SSR:
    ./app/(protected)/purchase-orders/[id]/page.tsx [Client Component SSR]
    ./app/(protected)/purchase-orders/[id]/page.tsx [Server Component]


./app/(protected)/purchase-orders/[id]/page.tsx:6:1
Export TBody doesn't exist in target module
  4 | import { Badge } from "@/components/ui/badge"
  5 | import { Button } from "@/components/ui/button"
> 6 | import { Table, TBody, TD, TH, THead, TR } from "@/components/ui/table"
    | ^^^^^^^^^^^^^^^^^^^^^^^^^^^^^^^^^^^^^^^^^^^^^^^^^^^^^^^^^^^^^^^^^^^^^^^
  7 | import { isApiError, useAuth } from "@/lib/auth"
  8 | import {
  9 |     useCancelPurchaseOrder,

The export TBody was not found in module [project]/components/ui/table.tsx [app-ssr] (ecmascript).
Did you mean to import TableFooter?
All exports of the module are statically known (It doesn't have dynamic exports). So it's known statically that the requested export doesn't exist.

Import traces:
  Client Component Browser:
    ./app/(protected)/purchase-orders/[id]/page.tsx [Client Component Browser]
    ./app/(protected)/purchase-orders/[id]/page.tsx [Server Component]

  Client Component SSR:
    ./app/(protected)/purchase-orders/[id]/page.tsx [Client Component SSR]
    ./app/(protected)/purchase-orders/[id]/page.tsx [Server Component]


./app/(protected)/purchase-orders/page.tsx:8:1
Export TBody doesn't exist in target module
   6 | import { Input } from "@/components/ui/input"
   7 | import { Select } from "@/components/ui/select"
>  8 | import { Table, TBody, TD, TH, THead, TR } from "@/components/ui/table"
     | ^^^^^^^^^^^^^^^^^^^^^^^^^^^^^^^^^^^^^^^^^^^^^^^^^^^^^^^^^^^^^^^^^^^^^^^
   9 | import { useAuth } from "@/lib/auth"
  10 | import {
  11 |     PURCHASE_ORDER_STATUSES,

The export TBody was not found in module [project]/components/ui/table.tsx [app-client] (ecmascript).
Did you mean to import TableFooter?
All exports of the module are statically known (It doesn't have dynamic exports). So it's known statically that the requested export doesn't exist.

Import traces:
  Client Component Browser:
    ./app/(protected)/purchase-orders/page.tsx [Client Component Browser]
    ./app/(protected)/purchase-orders/page.tsx [Server Component]

  Client Component SSR:
    ./app/(protected)/purchase-orders/page.tsx [Client Component SSR]
    ./app/(protected)/purchase-orders/page.tsx [Server Component]


./app/(protected)/purchase-orders/page.tsx:8:1
Export TBody doesn't exist in target module
   6 | import { Input } from "@/components/ui/input"
   7 | import { Select } from "@/components/ui/select"
>  8 | import { Table, TBody, TD, TH, THead, TR } from "@/components/ui/table"
     | ^^^^^^^^^^^^^^^^^^^^^^^^^^^^^^^^^^^^^^^^^^^^^^^^^^^^^^^^^^^^^^^^^^^^^^^
   9 | import { useAuth } from "@/lib/auth"
  10 | import {
  11 |     PURCHASE_ORDER_STATUSES,

The export TBody was not found in module [project]/components/ui/table.tsx [app-ssr] (ecmascript).
Did you mean to import TableFooter?
All exports of the module are statically known (It doesn't have dynamic exports). So it's known statically that the requested export doesn't exist.

Import traces:
  Client Component Browser:
    ./app/(protected)/purchase-orders/page.tsx [Client Component Browser]
    ./app/(protected)/purchase-orders/page.tsx [Server Component]

  Client Component SSR:
    ./app/(protected)/purchase-orders/page.tsx [Client Component SSR]
    ./app/(protected)/purchase-orders/page.tsx [Server Component]


./app/(protected)/reports/consumption/page.tsx:9:1
Export TBody doesn't exist in target module
   7 | import { Input } from "@/components/ui/input"
   8 | import { Select } from "@/components/ui/select"
>  9 | import { Table, TBody, TD, TH, THead, TR } from "@/components/ui/table"
     | ^^^^^^^^^^^^^^^^^^^^^^^^^^^^^^^^^^^^^^^^^^^^^^^^^^^^^^^^^^^^^^^^^^^^^^^
  10 | import { useAllIngredients } from "@/lib/ingredients"
  11 | import {
  12 |     reportsRangeFiltersSchema,

The export TBody was not found in module [project]/components/ui/table.tsx [app-client] (ecmascript).
Did you mean to import TableFooter?
All exports of the module are statically known (It doesn't have dynamic exports). So it's known statically that the requested export doesn't exist.

Import traces:
  Client Component Browser:
    ./app/(protected)/reports/consumption/page.tsx [Client Component Browser]
    ./app/(protected)/reports/consumption/page.tsx [Server Component]

  Client Component SSR:
    ./app/(protected)/reports/consumption/page.tsx [Client Component SSR]
    ./app/(protected)/reports/consumption/page.tsx [Server Component]


./app/(protected)/reports/consumption/page.tsx:9:1
Export TBody doesn't exist in target module
   7 | import { Input } from "@/components/ui/input"
   8 | import { Select } from "@/components/ui/select"
>  9 | import { Table, TBody, TD, TH, THead, TR } from "@/components/ui/table"
     | ^^^^^^^^^^^^^^^^^^^^^^^^^^^^^^^^^^^^^^^^^^^^^^^^^^^^^^^^^^^^^^^^^^^^^^^
  10 | import { useAllIngredients } from "@/lib/ingredients"
  11 | import {
  12 |     reportsRangeFiltersSchema,

The export TBody was not found in module [project]/components/ui/table.tsx [app-ssr] (ecmascript).
Did you mean to import TableFooter?
All exports of the module are statically known (It doesn't have dynamic exports). So it's known statically that the requested export doesn't exist.

Import traces:
  Client Component Browser:
    ./app/(protected)/reports/consumption/page.tsx [Client Component Browser]
    ./app/(protected)/reports/consumption/page.tsx [Server Component]

  Client Component SSR:
    ./app/(protected)/reports/consumption/page.tsx [Client Component SSR]
    ./app/(protected)/reports/consumption/page.tsx [Server Component]


./app/(protected)/reports/sales/page.tsx:10:1
Export TBody doesn't exist in target module
   8 | import { Input } from "@/components/ui/input"
   9 | import { Select } from "@/components/ui/select"
> 10 | import { Table, TBody, TD, TH, THead, TR } from "@/components/ui/table"
     | ^^^^^^^^^^^^^^^^^^^^^^^^^^^^^^^^^^^^^^^^^^^^^^^^^^^^^^^^^^^^^^^^^^^^^^^
  11 | import { useAllProducts } from "@/lib/products"
  12 | import {
  13 |     reportsRangeFiltersSchema,

The export TBody was not found in module [project]/components/ui/table.tsx [app-client] (ecmascript).
Did you mean to import TableFooter?
All exports of the module are statically known (It doesn't have dynamic exports). So it's known statically that the requested export doesn't exist.

Import traces:
  Client Component Browser:
    ./app/(protected)/reports/sales/page.tsx [Client Component Browser]
    ./app/(protected)/reports/sales/page.tsx [Server Component]

  Client Component SSR:
    ./app/(protected)/reports/sales/page.tsx [Client Component SSR]
    ./app/(protected)/reports/sales/page.tsx [Server Component]


./app/(protected)/reports/sales/page.tsx:10:1
Export TBody doesn't exist in target module
   8 | import { Input } from "@/components/ui/input"
   9 | import { Select } from "@/components/ui/select"
> 10 | import { Table, TBody, TD, TH, THead, TR } from "@/components/ui/table"
     | ^^^^^^^^^^^^^^^^^^^^^^^^^^^^^^^^^^^^^^^^^^^^^^^^^^^^^^^^^^^^^^^^^^^^^^^
  11 | import { useAllProducts } from "@/lib/products"
  12 | import {
  13 |     reportsRangeFiltersSchema,

The export TBody was not found in module [project]/components/ui/table.tsx [app-ssr] (ecmascript).
Did you mean to import TableFooter?
All exports of the module are statically known (It doesn't have dynamic exports). So it's known statically that the requested export doesn't exist.

Import traces:
  Client Component Browser:
    ./app/(protected)/reports/sales/page.tsx [Client Component Browser]
    ./app/(protected)/reports/sales/page.tsx [Server Component]

  Client Component SSR:
    ./app/(protected)/reports/sales/page.tsx [Client Component SSR]
    ./app/(protected)/reports/sales/page.tsx [Server Component]


./app/(protected)/reports/stock-status/page.tsx:9:1
Export TBody doesn't exist in target module
   7 | import { Field } from "@/components/ui/field"
   8 | import { Select } from "@/components/ui/select"
>  9 | import { Table, TBody, TD, TH, THead, TR } from "@/components/ui/table"
     | ^^^^^^^^^^^^^^^^^^^^^^^^^^^^^^^^^^^^^^^^^^^^^^^^^^^^^^^^^^^^^^^^^^^^^^^
  10 | import { useStockStatusReport, type StockStatusRow } from "@/lib/reports"
  11 | import { useAllUnits } from "@/lib/units"
  12 | import Link from "next/link"

The export TBody was not found in module [project]/components/ui/table.tsx [app-client] (ecmascript).
Did you mean to import TableFooter?
All exports of the module are statically known (It doesn't have dynamic exports). So it's known statically that the requested export doesn't exist.

Import traces:
  Client Component Browser:
    ./app/(protected)/reports/stock-status/page.tsx [Client Component Browser]
    ./app/(protected)/reports/stock-status/page.tsx [Server Component]

  Client Component SSR:
    ./app/(protected)/reports/stock-status/page.tsx [Client Component SSR]
    ./app/(protected)/reports/stock-status/page.tsx [Server Component]


./app/(protected)/reports/stock-status/page.tsx:9:1
Export TBody doesn't exist in target module
   7 | import { Field } from "@/components/ui/field"
   8 | import { Select } from "@/components/ui/select"
>  9 | import { Table, TBody, TD, TH, THead, TR } from "@/components/ui/table"
     | ^^^^^^^^^^^^^^^^^^^^^^^^^^^^^^^^^^^^^^^^^^^^^^^^^^^^^^^^^^^^^^^^^^^^^^^
  10 | import { useStockStatusReport, type StockStatusRow } from "@/lib/reports"
  11 | import { useAllUnits } from "@/lib/units"
  12 | import Link from "next/link"

The export TBody was not found in module [project]/components/ui/table.tsx [app-ssr] (ecmascript).
Did you mean to import TableFooter?
All exports of the module are statically known (It doesn't have dynamic exports). So it's known statically that the requested export doesn't exist.

Import traces:
  Client Component Browser:
    ./app/(protected)/reports/stock-status/page.tsx [Client Component Browser]
    ./app/(protected)/reports/stock-status/page.tsx [Server Component]

  Client Component SSR:
    ./app/(protected)/reports/stock-status/page.tsx [Client Component SSR]
    ./app/(protected)/reports/stock-status/page.tsx [Server Component]


./app/(protected)/reports/waste/page.tsx:9:1
Export TBody doesn't exist in target module
   7 | import { Input } from "@/components/ui/input"
   8 | import { Select } from "@/components/ui/select"
>  9 | import { Table, TBody, TD, TH, THead, TR } from "@/components/ui/table"
     | ^^^^^^^^^^^^^^^^^^^^^^^^^^^^^^^^^^^^^^^^^^^^^^^^^^^^^^^^^^^^^^^^^^^^^^^
  10 | import { useAllIngredients } from "@/lib/ingredients"
  11 | import {
  12 |     reportsRangeFiltersSchema,

The export TBody was not found in module [project]/components/ui/table.tsx [app-client] (ecmascript).
Did you mean to import TableFooter?
All exports of the module are statically known (It doesn't have dynamic exports). So it's known statically that the requested export doesn't exist.

Import traces:
  Client Component Browser:
    ./app/(protected)/reports/waste/page.tsx [Client Component Browser]
    ./app/(protected)/reports/waste/page.tsx [Server Component]

  Client Component SSR:
    ./app/(protected)/reports/waste/page.tsx [Client Component SSR]
    ./app/(protected)/reports/waste/page.tsx [Server Component]


./app/(protected)/reports/waste/page.tsx:9:1
Export TBody doesn't exist in target module
   7 | import { Input } from "@/components/ui/input"
   8 | import { Select } from "@/components/ui/select"
>  9 | import { Table, TBody, TD, TH, THead, TR } from "@/components/ui/table"
     | ^^^^^^^^^^^^^^^^^^^^^^^^^^^^^^^^^^^^^^^^^^^^^^^^^^^^^^^^^^^^^^^^^^^^^^^
  10 | import { useAllIngredients } from "@/lib/ingredients"
  11 | import {
  12 |     reportsRangeFiltersSchema,

The export TBody was not found in module [project]/components/ui/table.tsx [app-ssr] (ecmascript).
Did you mean to import TableFooter?
All exports of the module are statically known (It doesn't have dynamic exports). So it's known statically that the requested export doesn't exist.

Import traces:
  Client Component Browser:
    ./app/(protected)/reports/waste/page.tsx [Client Component Browser]
    ./app/(protected)/reports/waste/page.tsx [Server Component]

  Client Component SSR:
    ./app/(protected)/reports/waste/page.tsx [Client Component SSR]
    ./app/(protected)/reports/waste/page.tsx [Server Component]


./app/(protected)/stock-movements/page.tsx:8:1
Export TBody doesn't exist in target module
   6 | import { Input } from "@/components/ui/input"
   7 | import { Select } from "@/components/ui/select"
>  8 | import { Table, TBody, TD, TH, THead, TR } from "@/components/ui/table"
     | ^^^^^^^^^^^^^^^^^^^^^^^^^^^^^^^^^^^^^^^^^^^^^^^^^^^^^^^^^^^^^^^^^^^^^^^
   9 | import { useAuth } from "@/lib/auth"
  10 | import { useAllIngredients } from "@/lib/ingredients"
  11 | import {

The export TBody was not found in module [project]/components/ui/table.tsx [app-client] (ecmascript).
Did you mean to import TableFooter?
All exports of the module are statically known (It doesn't have dynamic exports). So it's known statically that the requested export doesn't exist.

Import traces:
  Client Component Browser:
    ./app/(protected)/stock-movements/page.tsx [Client Component Browser]
    ./app/(protected)/stock-movements/page.tsx [Server Component]

  Client Component SSR:
    ./app/(protected)/stock-movements/page.tsx [Client Component SSR]
    ./app/(protected)/stock-movements/page.tsx [Server Component]


./app/(protected)/stock-movements/page.tsx:8:1
Export TBody doesn't exist in target module
   6 | import { Input } from "@/components/ui/input"
   7 | import { Select } from "@/components/ui/select"
>  8 | import { Table, TBody, TD, TH, THead, TR } from "@/components/ui/table"
     | ^^^^^^^^^^^^^^^^^^^^^^^^^^^^^^^^^^^^^^^^^^^^^^^^^^^^^^^^^^^^^^^^^^^^^^^
   9 | import { useAuth } from "@/lib/auth"
  10 | import { useAllIngredients } from "@/lib/ingredients"
  11 | import {

The export TBody was not found in module [project]/components/ui/table.tsx [app-ssr] (ecmascript).
Did you mean to import TableFooter?
All exports of the module are statically known (It doesn't have dynamic exports). So it's known statically that the requested export doesn't exist.

Import traces:
  Client Component Browser:
    ./app/(protected)/stock-movements/page.tsx [Client Component Browser]
    ./app/(protected)/stock-movements/page.tsx [Server Component]

  Client Component SSR:
    ./app/(protected)/stock-movements/page.tsx [Client Component SSR]
    ./app/(protected)/stock-movements/page.tsx [Server Component]


./app/(protected)/stock/page.tsx:7:1
Export TBody doesn't exist in target module
   5 | import { Field } from "@/components/ui/field"
   6 | import { Select } from "@/components/ui/select"
>  7 | import { Table, TBody, TD, TH, THead, TR } from "@/components/ui/table"
     | ^^^^^^^^^^^^^^^^^^^^^^^^^^^^^^^^^^^^^^^^^^^^^^^^^^^^^^^^^^^^^^^^^^^^^^^
   8 | import { useAllIngredients } from "@/lib/ingredients"
   9 | import { useLowStock, useStock } from "@/lib/stock"
  10 | import { useAllUnits } from "@/lib/units"

The export TBody was not found in module [project]/components/ui/table.tsx [app-client] (ecmascript).
Did you mean to import TableFooter?
All exports of the module are statically known (It doesn't have dynamic exports). So it's known statically that the requested export doesn't exist.

Import traces:
  Client Component Browser:
    ./app/(protected)/stock/page.tsx [Client Component Browser]
    ./app/(protected)/stock/page.tsx [Server Component]

  Client Component SSR:
    ./app/(protected)/stock/page.tsx [Client Component SSR]
    ./app/(protected)/stock/page.tsx [Server Component]


./app/(protected)/stock/page.tsx:7:1
Export TBody doesn't exist in target module
   5 | import { Field } from "@/components/ui/field"
   6 | import { Select } from "@/components/ui/select"
>  7 | import { Table, TBody, TD, TH, THead, TR } from "@/components/ui/table"
     | ^^^^^^^^^^^^^^^^^^^^^^^^^^^^^^^^^^^^^^^^^^^^^^^^^^^^^^^^^^^^^^^^^^^^^^^
   8 | import { useAllIngredients } from "@/lib/ingredients"
   9 | import { useLowStock, useStock } from "@/lib/stock"
  10 | import { useAllUnits } from "@/lib/units"

The export TBody was not found in module [project]/components/ui/table.tsx [app-ssr] (ecmascript).
Did you mean to import TableFooter?
All exports of the module are statically known (It doesn't have dynamic exports). So it's known statically that the requested export doesn't exist.

Import traces:
  Client Component Browser:
    ./app/(protected)/stock/page.tsx [Client Component Browser]
    ./app/(protected)/stock/page.tsx [Server Component]

  Client Component SSR:
    ./app/(protected)/stock/page.tsx [Client Component SSR]
    ./app/(protected)/stock/page.tsx [Server Component]


./app/(protected)/suppliers/page.tsx:6:1
Export TBody doesn't exist in target module
  4 | import { Badge } from "@/components/ui/badge"
  5 | import { Button } from "@/components/ui/button"
> 6 | import { Table, TBody, TD, TH, THead, TR } from "@/components/ui/table"
    | ^^^^^^^^^^^^^^^^^^^^^^^^^^^^^^^^^^^^^^^^^^^^^^^^^^^^^^^^^^^^^^^^^^^^^^^
  7 | import { isApiError, useAuth } from "@/lib/auth"
  8 | import { useDeactivateSupplier, useSuppliers, type Supplier } from "@/lib/suppliers"
  9 | import { Pencil, Plus, Power } from "lucide-react"

The export TBody was not found in module [project]/components/ui/table.tsx [app-client] (ecmascript).
Did you mean to import TableFooter?
All exports of the module are statically known (It doesn't have dynamic exports). So it's known statically that the requested export doesn't exist.

Import traces:
  Client Component Browser:
    ./app/(protected)/suppliers/page.tsx [Client Component Browser]
    ./app/(protected)/suppliers/page.tsx [Server Component]

  Client Component SSR:
    ./app/(protected)/suppliers/page.tsx [Client Component SSR]
    ./app/(protected)/suppliers/page.tsx [Server Component]


./app/(protected)/suppliers/page.tsx:6:1
Export TBody doesn't exist in target module
  4 | import { Badge } from "@/components/ui/badge"
  5 | import { Button } from "@/components/ui/button"
> 6 | import { Table, TBody, TD, TH, THead, TR } from "@/components/ui/table"
    | ^^^^^^^^^^^^^^^^^^^^^^^^^^^^^^^^^^^^^^^^^^^^^^^^^^^^^^^^^^^^^^^^^^^^^^^
  7 | import { isApiError, useAuth } from "@/lib/auth"
  8 | import { useDeactivateSupplier, useSuppliers, type Supplier } from "@/lib/suppliers"
  9 | import { Pencil, Plus, Power } from "lucide-react"

The export TBody was not found in module [project]/components/ui/table.tsx [app-ssr] (ecmascript).
Did you mean to import TableFooter?
All exports of the module are statically known (It doesn't have dynamic exports). So it's known statically that the requested export doesn't exist.

Import traces:
  Client Component Browser:
    ./app/(protected)/suppliers/page.tsx [Client Component Browser]
    ./app/(protected)/suppliers/page.tsx [Server Component]

  Client Component SSR:
    ./app/(protected)/suppliers/page.tsx [Client Component SSR]
    ./app/(protected)/suppliers/page.tsx [Server Component]


./app/(protected)/units/page.tsx:6:1
Export TBody doesn't exist in target module
  4 | import { Badge } from "@/components/ui/badge"
  5 | import { Button } from "@/components/ui/button"
> 6 | import { Table, TBody, TD, TH, THead, TR } from "@/components/ui/table"
    | ^^^^^^^^^^^^^^^^^^^^^^^^^^^^^^^^^^^^^^^^^^^^^^^^^^^^^^^^^^^^^^^^^^^^^^^
  7 | import { isApiError, useAuth } from "@/lib/auth"
  8 | import { useDeactivateUnit, useUnits, type Unit } from "@/lib/units"
  9 | import { Pencil, Plus, Power } from "lucide-react"

The export TBody was not found in module [project]/components/ui/table.tsx [app-client] (ecmascript).
Did you mean to import TableFooter?
All exports of the module are statically known (It doesn't have dynamic exports). So it's known statically that the requested export doesn't exist.

Import traces:
  Client Component Browser:
    ./app/(protected)/units/page.tsx [Client Component Browser]
    ./app/(protected)/units/page.tsx [Server Component]

  Client Component SSR:
    ./app/(protected)/units/page.tsx [Client Component SSR]
    ./app/(protected)/units/page.tsx [Server Component]


./app/(protected)/units/page.tsx:6:1
Export TBody doesn't exist in target module
  4 | import { Badge } from "@/components/ui/badge"
  5 | import { Button } from "@/components/ui/button"
> 6 | import { Table, TBody, TD, TH, THead, TR } from "@/components/ui/table"
    | ^^^^^^^^^^^^^^^^^^^^^^^^^^^^^^^^^^^^^^^^^^^^^^^^^^^^^^^^^^^^^^^^^^^^^^^
  7 | import { isApiError, useAuth } from "@/lib/auth"
  8 | import { useDeactivateUnit, useUnits, type Unit } from "@/lib/units"
  9 | import { Pencil, Plus, Power } from "lucide-react"

The export TBody was not found in module [project]/components/ui/table.tsx [app-ssr] (ecmascript).
Did you mean to import TableFooter?
All exports of the module are statically known (It doesn't have dynamic exports). So it's known statically that the requested export doesn't exist.

Import traces:
  Client Component Browser:
    ./app/(protected)/units/page.tsx [Client Component Browser]
    ./app/(protected)/units/page.tsx [Server Component]

  Client Component SSR:
    ./app/(protected)/units/page.tsx [Client Component SSR]
    ./app/(protected)/units/page.tsx [Server Component]


./app/(protected)/users/page.tsx:6:1
Export TBody doesn't exist in target module
  4 | import { Badge } from "@/components/ui/badge"
  5 | import { Button } from "@/components/ui/button"
> 6 | import { Table, TBody, TD, TH, THead, TR } from "@/components/ui/table"
    | ^^^^^^^^^^^^^^^^^^^^^^^^^^^^^^^^^^^^^^^^^^^^^^^^^^^^^^^^^^^^^^^^^^^^^^^
  7 | import { isApiError, useAuth } from "@/lib/auth"
  8 | import {
  9 |     useDeactivateUser,

The export TBody was not found in module [project]/components/ui/table.tsx [app-client] (ecmascript).
Did you mean to import TableFooter?
All exports of the module are statically known (It doesn't have dynamic exports). So it's known statically that the requested export doesn't exist.

Import traces:
  Client Component Browser:
    ./app/(protected)/users/page.tsx [Client Component Browser]
    ./app/(protected)/users/page.tsx [Server Component]

  Client Component SSR:
    ./app/(protected)/users/page.tsx [Client Component SSR]
    ./app/(protected)/users/page.tsx [Server Component]


./app/(protected)/users/page.tsx:6:1
Export TBody doesn't exist in target module
  4 | import { Badge } from "@/components/ui/badge"
  5 | import { Button } from "@/components/ui/button"
> 6 | import { Table, TBody, TD, TH, THead, TR } from "@/components/ui/table"
    | ^^^^^^^^^^^^^^^^^^^^^^^^^^^^^^^^^^^^^^^^^^^^^^^^^^^^^^^^^^^^^^^^^^^^^^^
  7 | import { isApiError, useAuth } from "@/lib/auth"
  8 | import {
  9 |     useDeactivateUser,

The export TBody was not found in module [project]/components/ui/table.tsx [app-ssr] (ecmascript).
Did you mean to import TableFooter?
All exports of the module are statically known (It doesn't have dynamic exports). So it's known statically that the requested export doesn't exist.

Import traces:
  Client Component Browser:
    ./app/(protected)/users/page.tsx [Client Component Browser]
    ./app/(protected)/users/page.tsx [Server Component]

  Client Component SSR:
    ./app/(protected)/users/page.tsx [Client Component SSR]
    ./app/(protected)/users/page.tsx [Server Component]


./app/(protected)/audit-logs/page.tsx:8:1
Export TD doesn't exist in target module
   6 | import { Input } from "@/components/ui/input"
   7 | import { Select } from "@/components/ui/select"
>  8 | import { Table, TBody, TD, TH, THead, TR } from "@/components/ui/table"
     | ^^^^^^^^^^^^^^^^^^^^^^^^^^^^^^^^^^^^^^^^^^^^^^^^^^^^^^^^^^^^^^^^^^^^^^^
   9 | import {
  10 |     actionBadgeVariant,
  11 |     AUDIT_ACTIONS,

The export TD was not found in module [project]/components/ui/table.tsx [app-client] (ecmascript).
Did you mean to import Table?
All exports of the module are statically known (It doesn't have dynamic exports). So it's known statically that the requested export doesn't exist.

Import traces:
  Client Component Browser:
    ./app/(protected)/audit-logs/page.tsx [Client Component Browser]
    ./app/(protected)/audit-logs/page.tsx [Server Component]

  Client Component SSR:
    ./app/(protected)/audit-logs/page.tsx [Client Component SSR]
    ./app/(protected)/audit-logs/page.tsx [Server Component]


./app/(protected)/audit-logs/page.tsx:8:1
Export TD doesn't exist in target module
   6 | import { Input } from "@/components/ui/input"
   7 | import { Select } from "@/components/ui/select"
>  8 | import { Table, TBody, TD, TH, THead, TR } from "@/components/ui/table"
     | ^^^^^^^^^^^^^^^^^^^^^^^^^^^^^^^^^^^^^^^^^^^^^^^^^^^^^^^^^^^^^^^^^^^^^^^
   9 | import {
  10 |     actionBadgeVariant,
  11 |     AUDIT_ACTIONS,

The export TD was not found in module [project]/components/ui/table.tsx [app-ssr] (ecmascript).
Did you mean to import Table?
All exports of the module are statically known (It doesn't have dynamic exports). So it's known statically that the requested export doesn't exist.

Import traces:
  Client Component Browser:
    ./app/(protected)/audit-logs/page.tsx [Client Component Browser]
    ./app/(protected)/audit-logs/page.tsx [Server Component]

  Client Component SSR:
    ./app/(protected)/audit-logs/page.tsx [Client Component SSR]
    ./app/(protected)/audit-logs/page.tsx [Server Component]


./app/(protected)/categories/page.tsx:5:1
Export TD doesn't exist in target module
  3 | import { ConfirmDialog } from "@/components/overlays/confirm-dialog"
  4 | import { Button } from "@/components/ui/button"
> 5 | import { Table, TBody, TD, TH, THead, TR } from "@/components/ui/table"
    | ^^^^^^^^^^^^^^^^^^^^^^^^^^^^^^^^^^^^^^^^^^^^^^^^^^^^^^^^^^^^^^^^^^^^^^^
  6 | import { isApiError, useAuth } from "@/lib/auth"
  7 | import { useCategories, useDeleteCategory, type Category } from "@/lib/categories"
  8 | import { Pencil, Plus, Trash2 } from "lucide-react"

The export TD was not found in module [project]/components/ui/table.tsx [app-client] (ecmascript).
Did you mean to import Table?
All exports of the module are statically known (It doesn't have dynamic exports). So it's known statically that the requested export doesn't exist.

Import traces:
  Client Component Browser:
    ./app/(protected)/categories/page.tsx [Client Component Browser]
    ./app/(protected)/categories/page.tsx [Server Component]

  Client Component SSR:
    ./app/(protected)/categories/page.tsx [Client Component SSR]
    ./app/(protected)/categories/page.tsx [Server Component]


./app/(protected)/categories/page.tsx:5:1
Export TD doesn't exist in target module
  3 | import { ConfirmDialog } from "@/components/overlays/confirm-dialog"
  4 | import { Button } from "@/components/ui/button"
> 5 | import { Table, TBody, TD, TH, THead, TR } from "@/components/ui/table"
    | ^^^^^^^^^^^^^^^^^^^^^^^^^^^^^^^^^^^^^^^^^^^^^^^^^^^^^^^^^^^^^^^^^^^^^^^
  6 | import { isApiError, useAuth } from "@/lib/auth"
  7 | import { useCategories, useDeleteCategory, type Category } from "@/lib/categories"
  8 | import { Pencil, Plus, Trash2 } from "lucide-react"

The export TD was not found in module [project]/components/ui/table.tsx [app-ssr] (ecmascript).
Did you mean to import Table?
All exports of the module are statically known (It doesn't have dynamic exports). So it's known statically that the requested export doesn't exist.

Import traces:
  Client Component Browser:
    ./app/(protected)/categories/page.tsx [Client Component Browser]
    ./app/(protected)/categories/page.tsx [Server Component]

  Client Component SSR:
    ./app/(protected)/categories/page.tsx [Client Component SSR]
    ./app/(protected)/categories/page.tsx [Server Component]


./app/(protected)/ingredients/page.tsx:8:1
Export TD doesn't exist in target module
   6 | import { Field } from "@/components/ui/field"
   7 | import { Select } from "@/components/ui/select"
>  8 | import { Table, TBody, TD, TH, THead, TR } from "@/components/ui/table"
     | ^^^^^^^^^^^^^^^^^^^^^^^^^^^^^^^^^^^^^^^^^^^^^^^^^^^^^^^^^^^^^^^^^^^^^^^
   9 | import { isApiError, useAuth } from "@/lib/auth"
  10 | import { useAllCategories } from "@/lib/categories"
  11 | import {

The export TD was not found in module [project]/components/ui/table.tsx [app-client] (ecmascript).
Did you mean to import Table?
All exports of the module are statically known (It doesn't have dynamic exports). So it's known statically that the requested export doesn't exist.

Import traces:
  Client Component Browser:
    ./app/(protected)/ingredients/page.tsx [Client Component Browser]
    ./app/(protected)/ingredients/page.tsx [Server Component]

  Client Component SSR:
    ./app/(protected)/ingredients/page.tsx [Client Component SSR]
    ./app/(protected)/ingredients/page.tsx [Server Component]


./app/(protected)/ingredients/page.tsx:8:1
Export TD doesn't exist in target module
   6 | import { Field } from "@/components/ui/field"
   7 | import { Select } from "@/components/ui/select"
>  8 | import { Table, TBody, TD, TH, THead, TR } from "@/components/ui/table"
     | ^^^^^^^^^^^^^^^^^^^^^^^^^^^^^^^^^^^^^^^^^^^^^^^^^^^^^^^^^^^^^^^^^^^^^^^
   9 | import { isApiError, useAuth } from "@/lib/auth"
  10 | import { useAllCategories } from "@/lib/categories"
  11 | import {

The export TD was not found in module [project]/components/ui/table.tsx [app-ssr] (ecmascript).
Did you mean to import Table?
All exports of the module are statically known (It doesn't have dynamic exports). So it's known statically that the requested export doesn't exist.

Import traces:
  Client Component Browser:
    ./app/(protected)/ingredients/page.tsx [Client Component Browser]
    ./app/(protected)/ingredients/page.tsx [Server Component]

  Client Component SSR:
    ./app/(protected)/ingredients/page.tsx [Client Component SSR]
    ./app/(protected)/ingredients/page.tsx [Server Component]


./app/(protected)/notifications/page.tsx:8:1
Export TD doesn't exist in target module
   6 | import { Input } from "@/components/ui/input"
   7 | import { Select } from "@/components/ui/select"
>  8 | import { Table, TBody, TD, TH, THead, TR } from "@/components/ui/table"
     | ^^^^^^^^^^^^^^^^^^^^^^^^^^^^^^^^^^^^^^^^^^^^^^^^^^^^^^^^^^^^^^^^^^^^^^^
   9 | import {
  10 |     NOTIFICATION_STATUSES,
  11 |     useNotifications,

The export TD was not found in module [project]/components/ui/table.tsx [app-client] (ecmascript).
Did you mean to import Table?
All exports of the module are statically known (It doesn't have dynamic exports). So it's known statically that the requested export doesn't exist.

Import traces:
  Client Component Browser:
    ./app/(protected)/notifications/page.tsx [Client Component Browser]
    ./app/(protected)/notifications/page.tsx [Server Component]

  Client Component SSR:
    ./app/(protected)/notifications/page.tsx [Client Component SSR]
    ./app/(protected)/notifications/page.tsx [Server Component]


./app/(protected)/notifications/page.tsx:8:1
Export TD doesn't exist in target module
   6 | import { Input } from "@/components/ui/input"
   7 | import { Select } from "@/components/ui/select"
>  8 | import { Table, TBody, TD, TH, THead, TR } from "@/components/ui/table"
     | ^^^^^^^^^^^^^^^^^^^^^^^^^^^^^^^^^^^^^^^^^^^^^^^^^^^^^^^^^^^^^^^^^^^^^^^
   9 | import {
  10 |     NOTIFICATION_STATUSES,
  11 |     useNotifications,

The export TD was not found in module [project]/components/ui/table.tsx [app-ssr] (ecmascript).
Did you mean to import Table?
All exports of the module are statically known (It doesn't have dynamic exports). So it's known statically that the requested export doesn't exist.

Import traces:
  Client Component Browser:
    ./app/(protected)/notifications/page.tsx [Client Component Browser]
    ./app/(protected)/notifications/page.tsx [Server Component]

  Client Component SSR:
    ./app/(protected)/notifications/page.tsx [Client Component SSR]
    ./app/(protected)/notifications/page.tsx [Server Component]


./app/(protected)/orders/[id]/page.tsx:6:1
Export TD doesn't exist in target module
  4 | import { Badge } from "@/components/ui/badge"
  5 | import { Button } from "@/components/ui/button"
> 6 | import { Table, TBody, TD, TH, THead, TR } from "@/components/ui/table"
    | ^^^^^^^^^^^^^^^^^^^^^^^^^^^^^^^^^^^^^^^^^^^^^^^^^^^^^^^^^^^^^^^^^^^^^^^
  7 | import { isApiError, useAuth } from "@/lib/auth"
  8 | import {
  9 |     useCancelOrder,

The export TD was not found in module [project]/components/ui/table.tsx [app-client] (ecmascript).
Did you mean to import Table?
All exports of the module are statically known (It doesn't have dynamic exports). So it's known statically that the requested export doesn't exist.

Import traces:
  Client Component Browser:
    ./app/(protected)/orders/[id]/page.tsx [Client Component Browser]
    ./app/(protected)/orders/[id]/page.tsx [Server Component]

  Client Component SSR:
    ./app/(protected)/orders/[id]/page.tsx [Client Component SSR]
    ./app/(protected)/orders/[id]/page.tsx [Server Component]


./app/(protected)/orders/[id]/page.tsx:6:1
Export TD doesn't exist in target module
  4 | import { Badge } from "@/components/ui/badge"
  5 | import { Button } from "@/components/ui/button"
> 6 | import { Table, TBody, TD, TH, THead, TR } from "@/components/ui/table"
    | ^^^^^^^^^^^^^^^^^^^^^^^^^^^^^^^^^^^^^^^^^^^^^^^^^^^^^^^^^^^^^^^^^^^^^^^
  7 | import { isApiError, useAuth } from "@/lib/auth"
  8 | import {
  9 |     useCancelOrder,

The export TD was not found in module [project]/components/ui/table.tsx [app-ssr] (ecmascript).
Did you mean to import Table?
All exports of the module are statically known (It doesn't have dynamic exports). So it's known statically that the requested export doesn't exist.

Import traces:
  Client Component Browser:
    ./app/(protected)/orders/[id]/page.tsx [Client Component Browser]
    ./app/(protected)/orders/[id]/page.tsx [Server Component]

  Client Component SSR:
    ./app/(protected)/orders/[id]/page.tsx [Client Component SSR]
    ./app/(protected)/orders/[id]/page.tsx [Server Component]


./app/(protected)/orders/page.tsx:8:1
Export TD doesn't exist in target module
   6 | import { Input } from "@/components/ui/input"
   7 | import { Select } from "@/components/ui/select"
>  8 | import { Table, TBody, TD, TH, THead, TR } from "@/components/ui/table"
     | ^^^^^^^^^^^^^^^^^^^^^^^^^^^^^^^^^^^^^^^^^^^^^^^^^^^^^^^^^^^^^^^^^^^^^^^
   9 | import { useAuth } from "@/lib/auth"
  10 | import {
  11 |     ORDER_STATUSES,

The export TD was not found in module [project]/components/ui/table.tsx [app-client] (ecmascript).
Did you mean to import Table?
All exports of the module are statically known (It doesn't have dynamic exports). So it's known statically that the requested export doesn't exist.

Import traces:
  Client Component Browser:
    ./app/(protected)/orders/page.tsx [Client Component Browser]
    ./app/(protected)/orders/page.tsx [Server Component]

  Client Component SSR:
    ./app/(protected)/orders/page.tsx [Client Component SSR]
    ./app/(protected)/orders/page.tsx [Server Component]


./app/(protected)/orders/page.tsx:8:1
Export TD doesn't exist in target module
   6 | import { Input } from "@/components/ui/input"
   7 | import { Select } from "@/components/ui/select"
>  8 | import { Table, TBody, TD, TH, THead, TR } from "@/components/ui/table"
     | ^^^^^^^^^^^^^^^^^^^^^^^^^^^^^^^^^^^^^^^^^^^^^^^^^^^^^^^^^^^^^^^^^^^^^^^
   9 | import { useAuth } from "@/lib/auth"
  10 | import {
  11 |     ORDER_STATUSES,

The export TD was not found in module [project]/components/ui/table.tsx [app-ssr] (ecmascript).
Did you mean to import Table?
All exports of the module are statically known (It doesn't have dynamic exports). So it's known statically that the requested export doesn't exist.

Import traces:
  Client Component Browser:
    ./app/(protected)/orders/page.tsx [Client Component Browser]
    ./app/(protected)/orders/page.tsx [Server Component]

  Client Component SSR:
    ./app/(protected)/orders/page.tsx [Client Component SSR]
    ./app/(protected)/orders/page.tsx [Server Component]


./app/(protected)/products/[id]/page.tsx:6:1
Export TD doesn't exist in target module
  4 | import { Badge } from "@/components/ui/badge"
  5 | import { Button } from "@/components/ui/button"
> 6 | import { Table, TBody, TD, TH, THead, TR } from "@/components/ui/table"
    | ^^^^^^^^^^^^^^^^^^^^^^^^^^^^^^^^^^^^^^^^^^^^^^^^^^^^^^^^^^^^^^^^^^^^^^^
  7 | import { isApiError, useAuth } from "@/lib/auth"
  8 | import { useDeactivateProduct, useProduct } from "@/lib/products"
  9 | import Link from "next/link"

The export TD was not found in module [project]/components/ui/table.tsx [app-client] (ecmascript).
Did you mean to import Table?
All exports of the module are statically known (It doesn't have dynamic exports). So it's known statically that the requested export doesn't exist.

Import traces:
  Client Component Browser:
    ./app/(protected)/products/[id]/page.tsx [Client Component Browser]
    ./app/(protected)/products/[id]/page.tsx [Server Component]

  Client Component SSR:
    ./app/(protected)/products/[id]/page.tsx [Client Component SSR]
    ./app/(protected)/products/[id]/page.tsx [Server Component]


./app/(protected)/products/[id]/page.tsx:6:1
Export TD doesn't exist in target module
  4 | import { Badge } from "@/components/ui/badge"
  5 | import { Button } from "@/components/ui/button"
> 6 | import { Table, TBody, TD, TH, THead, TR } from "@/components/ui/table"
    | ^^^^^^^^^^^^^^^^^^^^^^^^^^^^^^^^^^^^^^^^^^^^^^^^^^^^^^^^^^^^^^^^^^^^^^^
  7 | import { isApiError, useAuth } from "@/lib/auth"
  8 | import { useDeactivateProduct, useProduct } from "@/lib/products"
  9 | import Link from "next/link"

The export TD was not found in module [project]/components/ui/table.tsx [app-ssr] (ecmascript).
Did you mean to import Table?
All exports of the module are statically known (It doesn't have dynamic exports). So it's known statically that the requested export doesn't exist.

Import traces:
  Client Component Browser:
    ./app/(protected)/products/[id]/page.tsx [Client Component Browser]
    ./app/(protected)/products/[id]/page.tsx [Server Component]

  Client Component SSR:
    ./app/(protected)/products/[id]/page.tsx [Client Component SSR]
    ./app/(protected)/products/[id]/page.tsx [Server Component]


./app/(protected)/products/page.tsx:8:1
Export TD doesn't exist in target module
   6 | import { Field } from "@/components/ui/field"
   7 | import { Select } from "@/components/ui/select"
>  8 | import { Table, TBody, TD, TH, THead, TR } from "@/components/ui/table"
     | ^^^^^^^^^^^^^^^^^^^^^^^^^^^^^^^^^^^^^^^^^^^^^^^^^^^^^^^^^^^^^^^^^^^^^^^
   9 | import { isApiError, useAuth } from "@/lib/auth"
  10 | import { useAllCategories } from "@/lib/categories"
  11 | import {

The export TD was not found in module [project]/components/ui/table.tsx [app-client] (ecmascript).
Did you mean to import Table?
All exports of the module are statically known (It doesn't have dynamic exports). So it's known statically that the requested export doesn't exist.

Import traces:
  Client Component Browser:
    ./app/(protected)/products/page.tsx [Client Component Browser]
    ./app/(protected)/products/page.tsx [Server Component]

  Client Component SSR:
    ./app/(protected)/products/page.tsx [Client Component SSR]
    ./app/(protected)/products/page.tsx [Server Component]


./app/(protected)/products/page.tsx:8:1
Export TD doesn't exist in target module
   6 | import { Field } from "@/components/ui/field"
   7 | import { Select } from "@/components/ui/select"
>  8 | import { Table, TBody, TD, TH, THead, TR } from "@/components/ui/table"
     | ^^^^^^^^^^^^^^^^^^^^^^^^^^^^^^^^^^^^^^^^^^^^^^^^^^^^^^^^^^^^^^^^^^^^^^^
   9 | import { isApiError, useAuth } from "@/lib/auth"
  10 | import { useAllCategories } from "@/lib/categories"
  11 | import {

The export TD was not found in module [project]/components/ui/table.tsx [app-ssr] (ecmascript).
Did you mean to import Table?
All exports of the module are statically known (It doesn't have dynamic exports). So it's known statically that the requested export doesn't exist.

Import traces:
  Client Component Browser:
    ./app/(protected)/products/page.tsx [Client Component Browser]
    ./app/(protected)/products/page.tsx [Server Component]

  Client Component SSR:
    ./app/(protected)/products/page.tsx [Client Component SSR]
    ./app/(protected)/products/page.tsx [Server Component]


./app/(protected)/purchase-orders/[id]/page.tsx:6:1
Export TD doesn't exist in target module
  4 | import { Badge } from "@/components/ui/badge"
  5 | import { Button } from "@/components/ui/button"
> 6 | import { Table, TBody, TD, TH, THead, TR } from "@/components/ui/table"
    | ^^^^^^^^^^^^^^^^^^^^^^^^^^^^^^^^^^^^^^^^^^^^^^^^^^^^^^^^^^^^^^^^^^^^^^^
  7 | import { isApiError, useAuth } from "@/lib/auth"
  8 | import {
  9 |     useCancelPurchaseOrder,

The export TD was not found in module [project]/components/ui/table.tsx [app-client] (ecmascript).
Did you mean to import Table?
All exports of the module are statically known (It doesn't have dynamic exports). So it's known statically that the requested export doesn't exist.

Import traces:
  Client Component Browser:
    ./app/(protected)/purchase-orders/[id]/page.tsx [Client Component Browser]
    ./app/(protected)/purchase-orders/[id]/page.tsx [Server Component]

  Client Component SSR:
    ./app/(protected)/purchase-orders/[id]/page.tsx [Client Component SSR]
    ./app/(protected)/purchase-orders/[id]/page.tsx [Server Component]


./app/(protected)/purchase-orders/[id]/page.tsx:6:1
Export TD doesn't exist in target module
  4 | import { Badge } from "@/components/ui/badge"
  5 | import { Button } from "@/components/ui/button"
> 6 | import { Table, TBody, TD, TH, THead, TR } from "@/components/ui/table"
    | ^^^^^^^^^^^^^^^^^^^^^^^^^^^^^^^^^^^^^^^^^^^^^^^^^^^^^^^^^^^^^^^^^^^^^^^
  7 | import { isApiError, useAuth } from "@/lib/auth"
  8 | import {
  9 |     useCancelPurchaseOrder,

The export TD was not found in module [project]/components/ui/table.tsx [app-ssr] (ecmascript).
Did you mean to import Table?
All exports of the module are statically known (It doesn't have dynamic exports). So it's known statically that the requested export doesn't exist.

Import traces:
  Client Component Browser:
    ./app/(protected)/purchase-orders/[id]/page.tsx [Client Component Browser]
    ./app/(protected)/purchase-orders/[id]/page.tsx [Server Component]

  Client Component SSR:
    ./app/(protected)/purchase-orders/[id]/page.tsx [Client Component SSR]
    ./app/(protected)/purchase-orders/[id]/page.tsx [Server Component]


./app/(protected)/purchase-orders/page.tsx:8:1
Export TD doesn't exist in target module
   6 | import { Input } from "@/components/ui/input"
   7 | import { Select } from "@/components/ui/select"
>  8 | import { Table, TBody, TD, TH, THead, TR } from "@/components/ui/table"
     | ^^^^^^^^^^^^^^^^^^^^^^^^^^^^^^^^^^^^^^^^^^^^^^^^^^^^^^^^^^^^^^^^^^^^^^^
   9 | import { useAuth } from "@/lib/auth"
  10 | import {
  11 |     PURCHASE_ORDER_STATUSES,

The export TD was not found in module [project]/components/ui/table.tsx [app-client] (ecmascript).
Did you mean to import Table?
All exports of the module are statically known (It doesn't have dynamic exports). So it's known statically that the requested export doesn't exist.

Import traces:
  Client Component Browser:
    ./app/(protected)/purchase-orders/page.tsx [Client Component Browser]
    ./app/(protected)/purchase-orders/page.tsx [Server Component]

  Client Component SSR:
    ./app/(protected)/purchase-orders/page.tsx [Client Component SSR]
    ./app/(protected)/purchase-orders/page.tsx [Server Component]


./app/(protected)/purchase-orders/page.tsx:8:1
Export TD doesn't exist in target module
   6 | import { Input } from "@/components/ui/input"
   7 | import { Select } from "@/components/ui/select"
>  8 | import { Table, TBody, TD, TH, THead, TR } from "@/components/ui/table"
     | ^^^^^^^^^^^^^^^^^^^^^^^^^^^^^^^^^^^^^^^^^^^^^^^^^^^^^^^^^^^^^^^^^^^^^^^
   9 | import { useAuth } from "@/lib/auth"
  10 | import {
  11 |     PURCHASE_ORDER_STATUSES,

The export TD was not found in module [project]/components/ui/table.tsx [app-ssr] (ecmascript).
Did you mean to import Table?
All exports of the module are statically known (It doesn't have dynamic exports). So it's known statically that the requested export doesn't exist.

Import traces:
  Client Component Browser:
    ./app/(protected)/purchase-orders/page.tsx [Client Component Browser]
    ./app/(protected)/purchase-orders/page.tsx [Server Component]

  Client Component SSR:
    ./app/(protected)/purchase-orders/page.tsx [Client Component SSR]
    ./app/(protected)/purchase-orders/page.tsx [Server Component]


./app/(protected)/reports/consumption/page.tsx:9:1
Export TD doesn't exist in target module
   7 | import { Input } from "@/components/ui/input"
   8 | import { Select } from "@/components/ui/select"
>  9 | import { Table, TBody, TD, TH, THead, TR } from "@/components/ui/table"
     | ^^^^^^^^^^^^^^^^^^^^^^^^^^^^^^^^^^^^^^^^^^^^^^^^^^^^^^^^^^^^^^^^^^^^^^^
  10 | import { useAllIngredients } from "@/lib/ingredients"
  11 | import {
  12 |     reportsRangeFiltersSchema,

The export TD was not found in module [project]/components/ui/table.tsx [app-client] (ecmascript).
Did you mean to import Table?
All exports of the module are statically known (It doesn't have dynamic exports). So it's known statically that the requested export doesn't exist.

Import traces:
  Client Component Browser:
    ./app/(protected)/reports/consumption/page.tsx [Client Component Browser]
    ./app/(protected)/reports/consumption/page.tsx [Server Component]

  Client Component SSR:
    ./app/(protected)/reports/consumption/page.tsx [Client Component SSR]
    ./app/(protected)/reports/consumption/page.tsx [Server Component]


./app/(protected)/reports/consumption/page.tsx:9:1
Export TD doesn't exist in target module
   7 | import { Input } from "@/components/ui/input"
   8 | import { Select } from "@/components/ui/select"
>  9 | import { Table, TBody, TD, TH, THead, TR } from "@/components/ui/table"
     | ^^^^^^^^^^^^^^^^^^^^^^^^^^^^^^^^^^^^^^^^^^^^^^^^^^^^^^^^^^^^^^^^^^^^^^^
  10 | import { useAllIngredients } from "@/lib/ingredients"
  11 | import {
  12 |     reportsRangeFiltersSchema,

The export TD was not found in module [project]/components/ui/table.tsx [app-ssr] (ecmascript).
Did you mean to import Table?
All exports of the module are statically known (It doesn't have dynamic exports). So it's known statically that the requested export doesn't exist.

Import traces:
  Client Component Browser:
    ./app/(protected)/reports/consumption/page.tsx [Client Component Browser]
    ./app/(protected)/reports/consumption/page.tsx [Server Component]

  Client Component SSR:
    ./app/(protected)/reports/consumption/page.tsx [Client Component SSR]
    ./app/(protected)/reports/consumption/page.tsx [Server Component]


./app/(protected)/reports/sales/page.tsx:10:1
Export TD doesn't exist in target module
   8 | import { Input } from "@/components/ui/input"
   9 | import { Select } from "@/components/ui/select"
> 10 | import { Table, TBody, TD, TH, THead, TR } from "@/components/ui/table"
     | ^^^^^^^^^^^^^^^^^^^^^^^^^^^^^^^^^^^^^^^^^^^^^^^^^^^^^^^^^^^^^^^^^^^^^^^
  11 | import { useAllProducts } from "@/lib/products"
  12 | import {
  13 |     reportsRangeFiltersSchema,

The export TD was not found in module [project]/components/ui/table.tsx [app-client] (ecmascript).
Did you mean to import Table?
All exports of the module are statically known (It doesn't have dynamic exports). So it's known statically that the requested export doesn't exist.

Import traces:
  Client Component Browser:
    ./app/(protected)/reports/sales/page.tsx [Client Component Browser]
    ./app/(protected)/reports/sales/page.tsx [Server Component]

  Client Component SSR:
    ./app/(protected)/reports/sales/page.tsx [Client Component SSR]
    ./app/(protected)/reports/sales/page.tsx [Server Component]


./app/(protected)/reports/sales/page.tsx:10:1
Export TD doesn't exist in target module
   8 | import { Input } from "@/components/ui/input"
   9 | import { Select } from "@/components/ui/select"
> 10 | import { Table, TBody, TD, TH, THead, TR } from "@/components/ui/table"
     | ^^^^^^^^^^^^^^^^^^^^^^^^^^^^^^^^^^^^^^^^^^^^^^^^^^^^^^^^^^^^^^^^^^^^^^^
  11 | import { useAllProducts } from "@/lib/products"
  12 | import {
  13 |     reportsRangeFiltersSchema,

The export TD was not found in module [project]/components/ui/table.tsx [app-ssr] (ecmascript).
Did you mean to import Table?
All exports of the module are statically known (It doesn't have dynamic exports). So it's known statically that the requested export doesn't exist.

Import traces:
  Client Component Browser:
    ./app/(protected)/reports/sales/page.tsx [Client Component Browser]
    ./app/(protected)/reports/sales/page.tsx [Server Component]

  Client Component SSR:
    ./app/(protected)/reports/sales/page.tsx [Client Component SSR]
    ./app/(protected)/reports/sales/page.tsx [Server Component]


./app/(protected)/reports/stock-status/page.tsx:9:1
Export TD doesn't exist in target module
   7 | import { Field } from "@/components/ui/field"
   8 | import { Select } from "@/components/ui/select"
>  9 | import { Table, TBody, TD, TH, THead, TR } from "@/components/ui/table"
     | ^^^^^^^^^^^^^^^^^^^^^^^^^^^^^^^^^^^^^^^^^^^^^^^^^^^^^^^^^^^^^^^^^^^^^^^
  10 | import { useStockStatusReport, type StockStatusRow } from "@/lib/reports"
  11 | import { useAllUnits } from "@/lib/units"
  12 | import Link from "next/link"

The export TD was not found in module [project]/components/ui/table.tsx [app-client] (ecmascript).
Did you mean to import Table?
All exports of the module are statically known (It doesn't have dynamic exports). So it's known statically that the requested export doesn't exist.

Import traces:
  Client Component Browser:
    ./app/(protected)/reports/stock-status/page.tsx [Client Component Browser]
    ./app/(protected)/reports/stock-status/page.tsx [Server Component]

  Client Component SSR:
    ./app/(protected)/reports/stock-status/page.tsx [Client Component SSR]
    ./app/(protected)/reports/stock-status/page.tsx [Server Component]


./app/(protected)/reports/stock-status/page.tsx:9:1
Export TD doesn't exist in target module
   7 | import { Field } from "@/components/ui/field"
   8 | import { Select } from "@/components/ui/select"
>  9 | import { Table, TBody, TD, TH, THead, TR } from "@/components/ui/table"
     | ^^^^^^^^^^^^^^^^^^^^^^^^^^^^^^^^^^^^^^^^^^^^^^^^^^^^^^^^^^^^^^^^^^^^^^^
  10 | import { useStockStatusReport, type StockStatusRow } from "@/lib/reports"
  11 | import { useAllUnits } from "@/lib/units"
  12 | import Link from "next/link"

The export TD was not found in module [project]/components/ui/table.tsx [app-ssr] (ecmascript).
Did you mean to import Table?
All exports of the module are statically known (It doesn't have dynamic exports). So it's known statically that the requested export doesn't exist.

Import traces:
  Client Component Browser:
    ./app/(protected)/reports/stock-status/page.tsx [Client Component Browser]
    ./app/(protected)/reports/stock-status/page.tsx [Server Component]

  Client Component SSR:
    ./app/(protected)/reports/stock-status/page.tsx [Client Component SSR]
    ./app/(protected)/reports/stock-status/page.tsx [Server Component]


./app/(protected)/reports/waste/page.tsx:9:1
Export TD doesn't exist in target module
   7 | import { Input } from "@/components/ui/input"
   8 | import { Select } from "@/components/ui/select"
>  9 | import { Table, TBody, TD, TH, THead, TR } from "@/components/ui/table"
     | ^^^^^^^^^^^^^^^^^^^^^^^^^^^^^^^^^^^^^^^^^^^^^^^^^^^^^^^^^^^^^^^^^^^^^^^
  10 | import { useAllIngredients } from "@/lib/ingredients"
  11 | import {
  12 |     reportsRangeFiltersSchema,

The export TD was not found in module [project]/components/ui/table.tsx [app-client] (ecmascript).
Did you mean to import Table?
All exports of the module are statically known (It doesn't have dynamic exports). So it's known statically that the requested export doesn't exist.

Import traces:
  Client Component Browser:
    ./app/(protected)/reports/waste/page.tsx [Client Component Browser]
    ./app/(protected)/reports/waste/page.tsx [Server Component]

  Client Component SSR:
    ./app/(protected)/reports/waste/page.tsx [Client Component SSR]
    ./app/(protected)/reports/waste/page.tsx [Server Component]


./app/(protected)/reports/waste/page.tsx:9:1
Export TD doesn't exist in target module
   7 | import { Input } from "@/components/ui/input"
   8 | import { Select } from "@/components/ui/select"
>  9 | import { Table, TBody, TD, TH, THead, TR } from "@/components/ui/table"
     | ^^^^^^^^^^^^^^^^^^^^^^^^^^^^^^^^^^^^^^^^^^^^^^^^^^^^^^^^^^^^^^^^^^^^^^^
  10 | import { useAllIngredients } from "@/lib/ingredients"
  11 | import {
  12 |     reportsRangeFiltersSchema,

The export TD was not found in module [project]/components/ui/table.tsx [app-ssr] (ecmascript).
Did you mean to import Table?
All exports of the module are statically known (It doesn't have dynamic exports). So it's known statically that the requested export doesn't exist.

Import traces:
  Client Component Browser:
    ./app/(protected)/reports/waste/page.tsx [Client Component Browser]
    ./app/(protected)/reports/waste/page.tsx [Server Component]

  Client Component SSR:
    ./app/(protected)/reports/waste/page.tsx [Client Component SSR]
    ./app/(protected)/reports/waste/page.tsx [Server Component]


./app/(protected)/stock-movements/page.tsx:8:1
Export TD doesn't exist in target module
   6 | import { Input } from "@/components/ui/input"
   7 | import { Select } from "@/components/ui/select"
>  8 | import { Table, TBody, TD, TH, THead, TR } from "@/components/ui/table"
     | ^^^^^^^^^^^^^^^^^^^^^^^^^^^^^^^^^^^^^^^^^^^^^^^^^^^^^^^^^^^^^^^^^^^^^^^
   9 | import { useAuth } from "@/lib/auth"
  10 | import { useAllIngredients } from "@/lib/ingredients"
  11 | import {

The export TD was not found in module [project]/components/ui/table.tsx [app-client] (ecmascript).
Did you mean to import Table?
All exports of the module are statically known (It doesn't have dynamic exports). So it's known statically that the requested export doesn't exist.

Import traces:
  Client Component Browser:
    ./app/(protected)/stock-movements/page.tsx [Client Component Browser]
    ./app/(protected)/stock-movements/page.tsx [Server Component]

  Client Component SSR:
    ./app/(protected)/stock-movements/page.tsx [Client Component SSR]
    ./app/(protected)/stock-movements/page.tsx [Server Component]


./app/(protected)/stock-movements/page.tsx:8:1
Export TD doesn't exist in target module
   6 | import { Input } from "@/components/ui/input"
   7 | import { Select } from "@/components/ui/select"
>  8 | import { Table, TBody, TD, TH, THead, TR } from "@/components/ui/table"
     | ^^^^^^^^^^^^^^^^^^^^^^^^^^^^^^^^^^^^^^^^^^^^^^^^^^^^^^^^^^^^^^^^^^^^^^^
   9 | import { useAuth } from "@/lib/auth"
  10 | import { useAllIngredients } from "@/lib/ingredients"
  11 | import {

The export TD was not found in module [project]/components/ui/table.tsx [app-ssr] (ecmascript).
Did you mean to import Table?
All exports of the module are statically known (It doesn't have dynamic exports). So it's known statically that the requested export doesn't exist.

Import traces:
  Client Component Browser:
    ./app/(protected)/stock-movements/page.tsx [Client Component Browser]
    ./app/(protected)/stock-movements/page.tsx [Server Component]

  Client Component SSR:
    ./app/(protected)/stock-movements/page.tsx [Client Component SSR]
    ./app/(protected)/stock-movements/page.tsx [Server Component]


./app/(protected)/stock/page.tsx:7:1
Export TD doesn't exist in target module
   5 | import { Field } from "@/components/ui/field"
   6 | import { Select } from "@/components/ui/select"
>  7 | import { Table, TBody, TD, TH, THead, TR } from "@/components/ui/table"
     | ^^^^^^^^^^^^^^^^^^^^^^^^^^^^^^^^^^^^^^^^^^^^^^^^^^^^^^^^^^^^^^^^^^^^^^^
   8 | import { useAllIngredients } from "@/lib/ingredients"
   9 | import { useLowStock, useStock } from "@/lib/stock"
  10 | import { useAllUnits } from "@/lib/units"

The export TD was not found in module [project]/components/ui/table.tsx [app-client] (ecmascript).
Did you mean to import Table?
All exports of the module are statically known (It doesn't have dynamic exports). So it's known statically that the requested export doesn't exist.

Import traces:
  Client Component Browser:
    ./app/(protected)/stock/page.tsx [Client Component Browser]
    ./app/(protected)/stock/page.tsx [Server Component]

  Client Component SSR:
    ./app/(protected)/stock/page.tsx [Client Component SSR]
    ./app/(protected)/stock/page.tsx [Server Component]


./app/(protected)/stock/page.tsx:7:1
Export TD doesn't exist in target module
   5 | import { Field } from "@/components/ui/field"
   6 | import { Select } from "@/components/ui/select"
>  7 | import { Table, TBody, TD, TH, THead, TR } from "@/components/ui/table"
     | ^^^^^^^^^^^^^^^^^^^^^^^^^^^^^^^^^^^^^^^^^^^^^^^^^^^^^^^^^^^^^^^^^^^^^^^
   8 | import { useAllIngredients } from "@/lib/ingredients"
   9 | import { useLowStock, useStock } from "@/lib/stock"
  10 | import { useAllUnits } from "@/lib/units"

The export TD was not found in module [project]/components/ui/table.tsx [app-ssr] (ecmascript).
Did you mean to import Table?
All exports of the module are statically known (It doesn't have dynamic exports). So it's known statically that the requested export doesn't exist.

Import traces:
  Client Component Browser:
    ./app/(protected)/stock/page.tsx [Client Component Browser]
    ./app/(protected)/stock/page.tsx [Server Component]

  Client Component SSR:
    ./app/(protected)/stock/page.tsx [Client Component SSR]
    ./app/(protected)/stock/page.tsx [Server Component]


./app/(protected)/suppliers/page.tsx:6:1
Export TD doesn't exist in target module
  4 | import { Badge } from "@/components/ui/badge"
  5 | import { Button } from "@/components/ui/button"
> 6 | import { Table, TBody, TD, TH, THead, TR } from "@/components/ui/table"
    | ^^^^^^^^^^^^^^^^^^^^^^^^^^^^^^^^^^^^^^^^^^^^^^^^^^^^^^^^^^^^^^^^^^^^^^^
  7 | import { isApiError, useAuth } from "@/lib/auth"
  8 | import { useDeactivateSupplier, useSuppliers, type Supplier } from "@/lib/suppliers"
  9 | import { Pencil, Plus, Power } from "lucide-react"

The export TD was not found in module [project]/components/ui/table.tsx [app-client] (ecmascript).
Did you mean to import Table?
All exports of the module are statically known (It doesn't have dynamic exports). So it's known statically that the requested export doesn't exist.

Import traces:
  Client Component Browser:
    ./app/(protected)/suppliers/page.tsx [Client Component Browser]
    ./app/(protected)/suppliers/page.tsx [Server Component]

  Client Component SSR:
    ./app/(protected)/suppliers/page.tsx [Client Component SSR]
    ./app/(protected)/suppliers/page.tsx [Server Component]


./app/(protected)/suppliers/page.tsx:6:1
Export TD doesn't exist in target module
  4 | import { Badge } from "@/components/ui/badge"
  5 | import { Button } from "@/components/ui/button"
> 6 | import { Table, TBody, TD, TH, THead, TR } from "@/components/ui/table"
    | ^^^^^^^^^^^^^^^^^^^^^^^^^^^^^^^^^^^^^^^^^^^^^^^^^^^^^^^^^^^^^^^^^^^^^^^
  7 | import { isApiError, useAuth } from "@/lib/auth"
  8 | import { useDeactivateSupplier, useSuppliers, type Supplier } from "@/lib/suppliers"
  9 | import { Pencil, Plus, Power } from "lucide-react"

The export TD was not found in module [project]/components/ui/table.tsx [app-ssr] (ecmascript).
Did you mean to import Table?
All exports of the module are statically known (It doesn't have dynamic exports). So it's known statically that the requested export doesn't exist.

Import traces:
  Client Component Browser:
    ./app/(protected)/suppliers/page.tsx [Client Component Browser]
    ./app/(protected)/suppliers/page.tsx [Server Component]

  Client Component SSR:
    ./app/(protected)/suppliers/page.tsx [Client Component SSR]
    ./app/(protected)/suppliers/page.tsx [Server Component]


./app/(protected)/units/page.tsx:6:1
Export TD doesn't exist in target module
  4 | import { Badge } from "@/components/ui/badge"
  5 | import { Button } from "@/components/ui/button"
> 6 | import { Table, TBody, TD, TH, THead, TR } from "@/components/ui/table"
    | ^^^^^^^^^^^^^^^^^^^^^^^^^^^^^^^^^^^^^^^^^^^^^^^^^^^^^^^^^^^^^^^^^^^^^^^
  7 | import { isApiError, useAuth } from "@/lib/auth"
  8 | import { useDeactivateUnit, useUnits, type Unit } from "@/lib/units"
  9 | import { Pencil, Plus, Power } from "lucide-react"

The export TD was not found in module [project]/components/ui/table.tsx [app-client] (ecmascript).
Did you mean to import Table?
All exports of the module are statically known (It doesn't have dynamic exports). So it's known statically that the requested export doesn't exist.

Import traces:
  Client Component Browser:
    ./app/(protected)/units/page.tsx [Client Component Browser]
    ./app/(protected)/units/page.tsx [Server Component]

  Client Component SSR:
    ./app/(protected)/units/page.tsx [Client Component SSR]
    ./app/(protected)/units/page.tsx [Server Component]


./app/(protected)/units/page.tsx:6:1
Export TD doesn't exist in target module
  4 | import { Badge } from "@/components/ui/badge"
  5 | import { Button } from "@/components/ui/button"
> 6 | import { Table, TBody, TD, TH, THead, TR } from "@/components/ui/table"
    | ^^^^^^^^^^^^^^^^^^^^^^^^^^^^^^^^^^^^^^^^^^^^^^^^^^^^^^^^^^^^^^^^^^^^^^^
  7 | import { isApiError, useAuth } from "@/lib/auth"
  8 | import { useDeactivateUnit, useUnits, type Unit } from "@/lib/units"
  9 | import { Pencil, Plus, Power } from "lucide-react"

The export TD was not found in module [project]/components/ui/table.tsx [app-ssr] (ecmascript).
Did you mean to import Table?
All exports of the module are statically known (It doesn't have dynamic exports). So it's known statically that the requested export doesn't exist.

Import traces:
  Client Component Browser:
    ./app/(protected)/units/page.tsx [Client Component Browser]
    ./app/(protected)/units/page.tsx [Server Component]

  Client Component SSR:
    ./app/(protected)/units/page.tsx [Client Component SSR]
    ./app/(protected)/units/page.tsx [Server Component]


./app/(protected)/users/page.tsx:6:1
Export TD doesn't exist in target module
  4 | import { Badge } from "@/components/ui/badge"
  5 | import { Button } from "@/components/ui/button"
> 6 | import { Table, TBody, TD, TH, THead, TR } from "@/components/ui/table"
    | ^^^^^^^^^^^^^^^^^^^^^^^^^^^^^^^^^^^^^^^^^^^^^^^^^^^^^^^^^^^^^^^^^^^^^^^
  7 | import { isApiError, useAuth } from "@/lib/auth"
  8 | import {
  9 |     useDeactivateUser,

The export TD was not found in module [project]/components/ui/table.tsx [app-client] (ecmascript).
Did you mean to import Table?
All exports of the module are statically known (It doesn't have dynamic exports). So it's known statically that the requested export doesn't exist.

Import traces:
  Client Component Browser:
    ./app/(protected)/users/page.tsx [Client Component Browser]
    ./app/(protected)/users/page.tsx [Server Component]

  Client Component SSR:
    ./app/(protected)/users/page.tsx [Client Component SSR]
    ./app/(protected)/users/page.tsx [Server Component]


./app/(protected)/users/page.tsx:6:1
Export TD doesn't exist in target module
  4 | import { Badge } from "@/components/ui/badge"
  5 | import { Button } from "@/components/ui/button"
> 6 | import { Table, TBody, TD, TH, THead, TR } from "@/components/ui/table"
    | ^^^^^^^^^^^^^^^^^^^^^^^^^^^^^^^^^^^^^^^^^^^^^^^^^^^^^^^^^^^^^^^^^^^^^^^
  7 | import { isApiError, useAuth } from "@/lib/auth"
  8 | import {
  9 |     useDeactivateUser,

The export TD was not found in module [project]/components/ui/table.tsx [app-ssr] (ecmascript).
Did you mean to import Table?
All exports of the module are statically known (It doesn't have dynamic exports). So it's known statically that the requested export doesn't exist.

Import traces:
  Client Component Browser:
    ./app/(protected)/users/page.tsx [Client Component Browser]
    ./app/(protected)/users/page.tsx [Server Component]

  Client Component SSR:
    ./app/(protected)/users/page.tsx [Client Component SSR]
    ./app/(protected)/users/page.tsx [Server Component]


./app/(protected)/audit-logs/page.tsx:8:1
Export TH doesn't exist in target module
   6 | import { Input } from "@/components/ui/input"
   7 | import { Select } from "@/components/ui/select"
>  8 | import { Table, TBody, TD, TH, THead, TR } from "@/components/ui/table"
     | ^^^^^^^^^^^^^^^^^^^^^^^^^^^^^^^^^^^^^^^^^^^^^^^^^^^^^^^^^^^^^^^^^^^^^^^
   9 | import {
  10 |     actionBadgeVariant,
  11 |     AUDIT_ACTIONS,

The export TH was not found in module [project]/components/ui/table.tsx [app-client] (ecmascript).
Did you mean to import TableHeader?
All exports of the module are statically known (It doesn't have dynamic exports). So it's known statically that the requested export doesn't exist.

Import traces:
  Client Component Browser:
    ./app/(protected)/audit-logs/page.tsx [Client Component Browser]
    ./app/(protected)/audit-logs/page.tsx [Server Component]

  Client Component SSR:
    ./app/(protected)/audit-logs/page.tsx [Client Component SSR]
    ./app/(protected)/audit-logs/page.tsx [Server Component]


./app/(protected)/audit-logs/page.tsx:8:1
Export TH doesn't exist in target module
   6 | import { Input } from "@/components/ui/input"
   7 | import { Select } from "@/components/ui/select"
>  8 | import { Table, TBody, TD, TH, THead, TR } from "@/components/ui/table"
     | ^^^^^^^^^^^^^^^^^^^^^^^^^^^^^^^^^^^^^^^^^^^^^^^^^^^^^^^^^^^^^^^^^^^^^^^
   9 | import {
  10 |     actionBadgeVariant,
  11 |     AUDIT_ACTIONS,

The export TH was not found in module [project]/components/ui/table.tsx [app-ssr] (ecmascript).
Did you mean to import TableHeader?
All exports of the module are statically known (It doesn't have dynamic exports). So it's known statically that the requested export doesn't exist.

Import traces:
  Client Component Browser:
    ./app/(protected)/audit-logs/page.tsx [Client Component Browser]
    ./app/(protected)/audit-logs/page.tsx [Server Component]

  Client Component SSR:
    ./app/(protected)/audit-logs/page.tsx [Client Component SSR]
    ./app/(protected)/audit-logs/page.tsx [Server Component]


./app/(protected)/categories/page.tsx:5:1
Export TH doesn't exist in target module
  3 | import { ConfirmDialog } from "@/components/overlays/confirm-dialog"
  4 | import { Button } from "@/components/ui/button"
> 5 | import { Table, TBody, TD, TH, THead, TR } from "@/components/ui/table"
    | ^^^^^^^^^^^^^^^^^^^^^^^^^^^^^^^^^^^^^^^^^^^^^^^^^^^^^^^^^^^^^^^^^^^^^^^
  6 | import { isApiError, useAuth } from "@/lib/auth"
  7 | import { useCategories, useDeleteCategory, type Category } from "@/lib/categories"
  8 | import { Pencil, Plus, Trash2 } from "lucide-react"

The export TH was not found in module [project]/components/ui/table.tsx [app-client] (ecmascript).
Did you mean to import TableHeader?
All exports of the module are statically known (It doesn't have dynamic exports). So it's known statically that the requested export doesn't exist.

Import traces:
  Client Component Browser:
    ./app/(protected)/categories/page.tsx [Client Component Browser]
    ./app/(protected)/categories/page.tsx [Server Component]

  Client Component SSR:
    ./app/(protected)/categories/page.tsx [Client Component SSR]
    ./app/(protected)/categories/page.tsx [Server Component]


./app/(protected)/categories/page.tsx:5:1
Export TH doesn't exist in target module
  3 | import { ConfirmDialog } from "@/components/overlays/confirm-dialog"
  4 | import { Button } from "@/components/ui/button"
> 5 | import { Table, TBody, TD, TH, THead, TR } from "@/components/ui/table"
    | ^^^^^^^^^^^^^^^^^^^^^^^^^^^^^^^^^^^^^^^^^^^^^^^^^^^^^^^^^^^^^^^^^^^^^^^
  6 | import { isApiError, useAuth } from "@/lib/auth"
  7 | import { useCategories, useDeleteCategory, type Category } from "@/lib/categories"
  8 | import { Pencil, Plus, Trash2 } from "lucide-react"

The export TH was not found in module [project]/components/ui/table.tsx [app-ssr] (ecmascript).
Did you mean to import TableHeader?
All exports of the module are statically known (It doesn't have dynamic exports). So it's known statically that the requested export doesn't exist.

Import traces:
  Client Component Browser:
    ./app/(protected)/categories/page.tsx [Client Component Browser]
    ./app/(protected)/categories/page.tsx [Server Component]

  Client Component SSR:
    ./app/(protected)/categories/page.tsx [Client Component SSR]
    ./app/(protected)/categories/page.tsx [Server Component]


./app/(protected)/ingredients/page.tsx:8:1
Export TH doesn't exist in target module
   6 | import { Field } from "@/components/ui/field"
   7 | import { Select } from "@/components/ui/select"
>  8 | import { Table, TBody, TD, TH, THead, TR } from "@/components/ui/table"
     | ^^^^^^^^^^^^^^^^^^^^^^^^^^^^^^^^^^^^^^^^^^^^^^^^^^^^^^^^^^^^^^^^^^^^^^^
   9 | import { isApiError, useAuth } from "@/lib/auth"
  10 | import { useAllCategories } from "@/lib/categories"
  11 | import {

The export TH was not found in module [project]/components/ui/table.tsx [app-client] (ecmascript).
Did you mean to import TableHeader?
All exports of the module are statically known (It doesn't have dynamic exports). So it's known statically that the requested export doesn't exist.

Import traces:
  Client Component Browser:
    ./app/(protected)/ingredients/page.tsx [Client Component Browser]
    ./app/(protected)/ingredients/page.tsx [Server Component]

  Client Component SSR:
    ./app/(protected)/ingredients/page.tsx [Client Component SSR]
    ./app/(protected)/ingredients/page.tsx [Server Component]


./app/(protected)/ingredients/page.tsx:8:1
Export TH doesn't exist in target module
   6 | import { Field } from "@/components/ui/field"
   7 | import { Select } from "@/components/ui/select"
>  8 | import { Table, TBody, TD, TH, THead, TR } from "@/components/ui/table"
     | ^^^^^^^^^^^^^^^^^^^^^^^^^^^^^^^^^^^^^^^^^^^^^^^^^^^^^^^^^^^^^^^^^^^^^^^
   9 | import { isApiError, useAuth } from "@/lib/auth"
  10 | import { useAllCategories } from "@/lib/categories"
  11 | import {

The export TH was not found in module [project]/components/ui/table.tsx [app-ssr] (ecmascript).
Did you mean to import TableHeader?
All exports of the module are statically known (It doesn't have dynamic exports). So it's known statically that the requested export doesn't exist.

Import traces:
  Client Component Browser:
    ./app/(protected)/ingredients/page.tsx [Client Component Browser]
    ./app/(protected)/ingredients/page.tsx [Server Component]

  Client Component SSR:
    ./app/(protected)/ingredients/page.tsx [Client Component SSR]
    ./app/(protected)/ingredients/page.tsx [Server Component]


./app/(protected)/notifications/page.tsx:8:1
Export TH doesn't exist in target module
   6 | import { Input } from "@/components/ui/input"
   7 | import { Select } from "@/components/ui/select"
>  8 | import { Table, TBody, TD, TH, THead, TR } from "@/components/ui/table"
     | ^^^^^^^^^^^^^^^^^^^^^^^^^^^^^^^^^^^^^^^^^^^^^^^^^^^^^^^^^^^^^^^^^^^^^^^
   9 | import {
  10 |     NOTIFICATION_STATUSES,
  11 |     useNotifications,

The export TH was not found in module [project]/components/ui/table.tsx [app-client] (ecmascript).
Did you mean to import TableHeader?
All exports of the module are statically known (It doesn't have dynamic exports). So it's known statically that the requested export doesn't exist.

Import traces:
  Client Component Browser:
    ./app/(protected)/notifications/page.tsx [Client Component Browser]
    ./app/(protected)/notifications/page.tsx [Server Component]

  Client Component SSR:
    ./app/(protected)/notifications/page.tsx [Client Component SSR]
    ./app/(protected)/notifications/page.tsx [Server Component]


./app/(protected)/notifications/page.tsx:8:1
Export TH doesn't exist in target module
   6 | import { Input } from "@/components/ui/input"
   7 | import { Select } from "@/components/ui/select"
>  8 | import { Table, TBody, TD, TH, THead, TR } from "@/components/ui/table"
     | ^^^^^^^^^^^^^^^^^^^^^^^^^^^^^^^^^^^^^^^^^^^^^^^^^^^^^^^^^^^^^^^^^^^^^^^
   9 | import {
  10 |     NOTIFICATION_STATUSES,
  11 |     useNotifications,

The export TH was not found in module [project]/components/ui/table.tsx [app-ssr] (ecmascript).
Did you mean to import TableHeader?
All exports of the module are statically known (It doesn't have dynamic exports). So it's known statically that the requested export doesn't exist.

Import traces:
  Client Component Browser:
    ./app/(protected)/notifications/page.tsx [Client Component Browser]
    ./app/(protected)/notifications/page.tsx [Server Component]

  Client Component SSR:
    ./app/(protected)/notifications/page.tsx [Client Component SSR]
    ./app/(protected)/notifications/page.tsx [Server Component]


./app/(protected)/orders/[id]/page.tsx:6:1
Export TH doesn't exist in target module
  4 | import { Badge } from "@/components/ui/badge"
  5 | import { Button } from "@/components/ui/button"
> 6 | import { Table, TBody, TD, TH, THead, TR } from "@/components/ui/table"
    | ^^^^^^^^^^^^^^^^^^^^^^^^^^^^^^^^^^^^^^^^^^^^^^^^^^^^^^^^^^^^^^^^^^^^^^^
  7 | import { isApiError, useAuth } from "@/lib/auth"
  8 | import {
  9 |     useCancelOrder,

The export TH was not found in module [project]/components/ui/table.tsx [app-client] (ecmascript).
Did you mean to import TableHeader?
All exports of the module are statically known (It doesn't have dynamic exports). So it's known statically that the requested export doesn't exist.

Import traces:
  Client Component Browser:
    ./app/(protected)/orders/[id]/page.tsx [Client Component Browser]
    ./app/(protected)/orders/[id]/page.tsx [Server Component]

  Client Component SSR:
    ./app/(protected)/orders/[id]/page.tsx [Client Component SSR]
    ./app/(protected)/orders/[id]/page.tsx [Server Component]


./app/(protected)/orders/[id]/page.tsx:6:1
Export TH doesn't exist in target module
  4 | import { Badge } from "@/components/ui/badge"
  5 | import { Button } from "@/components/ui/button"
> 6 | import { Table, TBody, TD, TH, THead, TR } from "@/components/ui/table"
    | ^^^^^^^^^^^^^^^^^^^^^^^^^^^^^^^^^^^^^^^^^^^^^^^^^^^^^^^^^^^^^^^^^^^^^^^
  7 | import { isApiError, useAuth } from "@/lib/auth"
  8 | import {
  9 |     useCancelOrder,

The export TH was not found in module [project]/components/ui/table.tsx [app-ssr] (ecmascript).
Did you mean to import TableHeader?
All exports of the module are statically known (It doesn't have dynamic exports). So it's known statically that the requested export doesn't exist.

Import traces:
  Client Component Browser:
    ./app/(protected)/orders/[id]/page.tsx [Client Component Browser]
    ./app/(protected)/orders/[id]/page.tsx [Server Component]

  Client Component SSR:
    ./app/(protected)/orders/[id]/page.tsx [Client Component SSR]
    ./app/(protected)/orders/[id]/page.tsx [Server Component]


./app/(protected)/orders/page.tsx:8:1
Export TH doesn't exist in target module
   6 | import { Input } from "@/components/ui/input"
   7 | import { Select } from "@/components/ui/select"
>  8 | import { Table, TBody, TD, TH, THead, TR } from "@/components/ui/table"
     | ^^^^^^^^^^^^^^^^^^^^^^^^^^^^^^^^^^^^^^^^^^^^^^^^^^^^^^^^^^^^^^^^^^^^^^^
   9 | import { useAuth } from "@/lib/auth"
  10 | import {
  11 |     ORDER_STATUSES,

The export TH was not found in module [project]/components/ui/table.tsx [app-client] (ecmascript).
Did you mean to import TableHeader?
All exports of the module are statically known (It doesn't have dynamic exports). So it's known statically that the requested export doesn't exist.

Import traces:
  Client Component Browser:
    ./app/(protected)/orders/page.tsx [Client Component Browser]
    ./app/(protected)/orders/page.tsx [Server Component]

  Client Component SSR:
    ./app/(protected)/orders/page.tsx [Client Component SSR]
    ./app/(protected)/orders/page.tsx [Server Component]


./app/(protected)/orders/page.tsx:8:1
Export TH doesn't exist in target module
   6 | import { Input } from "@/components/ui/input"
   7 | import { Select } from "@/components/ui/select"
>  8 | import { Table, TBody, TD, TH, THead, TR } from "@/components/ui/table"
     | ^^^^^^^^^^^^^^^^^^^^^^^^^^^^^^^^^^^^^^^^^^^^^^^^^^^^^^^^^^^^^^^^^^^^^^^
   9 | import { useAuth } from "@/lib/auth"
  10 | import {
  11 |     ORDER_STATUSES,

The export TH was not found in module [project]/components/ui/table.tsx [app-ssr] (ecmascript).
Did you mean to import TableHeader?
All exports of the module are statically known (It doesn't have dynamic exports). So it's known statically that the requested export doesn't exist.

Import traces:
  Client Component Browser:
    ./app/(protected)/orders/page.tsx [Client Component Browser]
    ./app/(protected)/orders/page.tsx [Server Component]

  Client Component SSR:
    ./app/(protected)/orders/page.tsx [Client Component SSR]
    ./app/(protected)/orders/page.tsx [Server Component]


./app/(protected)/products/[id]/page.tsx:6:1
Export TH doesn't exist in target module
  4 | import { Badge } from "@/components/ui/badge"
  5 | import { Button } from "@/components/ui/button"
> 6 | import { Table, TBody, TD, TH, THead, TR } from "@/components/ui/table"
    | ^^^^^^^^^^^^^^^^^^^^^^^^^^^^^^^^^^^^^^^^^^^^^^^^^^^^^^^^^^^^^^^^^^^^^^^
  7 | import { isApiError, useAuth } from "@/lib/auth"
  8 | import { useDeactivateProduct, useProduct } from "@/lib/products"
  9 | import Link from "next/link"

The export TH was not found in module [project]/components/ui/table.tsx [app-client] (ecmascript).
Did you mean to import TableHeader?
All exports of the module are statically known (It doesn't have dynamic exports). So it's known statically that the requested export doesn't exist.

Import traces:
  Client Component Browser:
    ./app/(protected)/products/[id]/page.tsx [Client Component Browser]
    ./app/(protected)/products/[id]/page.tsx [Server Component]

  Client Component SSR:
    ./app/(protected)/products/[id]/page.tsx [Client Component SSR]
    ./app/(protected)/products/[id]/page.tsx [Server Component]


./app/(protected)/products/[id]/page.tsx:6:1
Export TH doesn't exist in target module
  4 | import { Badge } from "@/components/ui/badge"
  5 | import { Button } from "@/components/ui/button"
> 6 | import { Table, TBody, TD, TH, THead, TR } from "@/components/ui/table"
    | ^^^^^^^^^^^^^^^^^^^^^^^^^^^^^^^^^^^^^^^^^^^^^^^^^^^^^^^^^^^^^^^^^^^^^^^
  7 | import { isApiError, useAuth } from "@/lib/auth"
  8 | import { useDeactivateProduct, useProduct } from "@/lib/products"
  9 | import Link from "next/link"

The export TH was not found in module [project]/components/ui/table.tsx [app-ssr] (ecmascript).
Did you mean to import TableHeader?
All exports of the module are statically known (It doesn't have dynamic exports). So it's known statically that the requested export doesn't exist.

Import traces:
  Client Component Browser:
    ./app/(protected)/products/[id]/page.tsx [Client Component Browser]
    ./app/(protected)/products/[id]/page.tsx [Server Component]

  Client Component SSR:
    ./app/(protected)/products/[id]/page.tsx [Client Component SSR]
    ./app/(protected)/products/[id]/page.tsx [Server Component]


./app/(protected)/products/page.tsx:8:1
Export TH doesn't exist in target module
   6 | import { Field } from "@/components/ui/field"
   7 | import { Select } from "@/components/ui/select"
>  8 | import { Table, TBody, TD, TH, THead, TR } from "@/components/ui/table"
     | ^^^^^^^^^^^^^^^^^^^^^^^^^^^^^^^^^^^^^^^^^^^^^^^^^^^^^^^^^^^^^^^^^^^^^^^
   9 | import { isApiError, useAuth } from "@/lib/auth"
  10 | import { useAllCategories } from "@/lib/categories"
  11 | import {

The export TH was not found in module [project]/components/ui/table.tsx [app-client] (ecmascript).
Did you mean to import TableHeader?
All exports of the module are statically known (It doesn't have dynamic exports). So it's known statically that the requested export doesn't exist.

Import traces:
  Client Component Browser:
    ./app/(protected)/products/page.tsx [Client Component Browser]
    ./app/(protected)/products/page.tsx [Server Component]

  Client Component SSR:
    ./app/(protected)/products/page.tsx [Client Component SSR]
    ./app/(protected)/products/page.tsx [Server Component]


./app/(protected)/products/page.tsx:8:1
Export TH doesn't exist in target module
   6 | import { Field } from "@/components/ui/field"
   7 | import { Select } from "@/components/ui/select"
>  8 | import { Table, TBody, TD, TH, THead, TR } from "@/components/ui/table"
     | ^^^^^^^^^^^^^^^^^^^^^^^^^^^^^^^^^^^^^^^^^^^^^^^^^^^^^^^^^^^^^^^^^^^^^^^
   9 | import { isApiError, useAuth } from "@/lib/auth"
  10 | import { useAllCategories } from "@/lib/categories"
  11 | import {

The export TH was not found in module [project]/components/ui/table.tsx [app-ssr] (ecmascript).
Did you mean to import TableHeader?
All exports of the module are statically known (It doesn't have dynamic exports). So it's known statically that the requested export doesn't exist.

Import traces:
  Client Component Browser:
    ./app/(protected)/products/page.tsx [Client Component Browser]
    ./app/(protected)/products/page.tsx [Server Component]

  Client Component SSR:
    ./app/(protected)/products/page.tsx [Client Component SSR]
    ./app/(protected)/products/page.tsx [Server Component]


./app/(protected)/purchase-orders/[id]/page.tsx:6:1
Export TH doesn't exist in target module
  4 | import { Badge } from "@/components/ui/badge"
  5 | import { Button } from "@/components/ui/button"
> 6 | import { Table, TBody, TD, TH, THead, TR } from "@/components/ui/table"
    | ^^^^^^^^^^^^^^^^^^^^^^^^^^^^^^^^^^^^^^^^^^^^^^^^^^^^^^^^^^^^^^^^^^^^^^^
  7 | import { isApiError, useAuth } from "@/lib/auth"
  8 | import {
  9 |     useCancelPurchaseOrder,

The export TH was not found in module [project]/components/ui/table.tsx [app-client] (ecmascript).
Did you mean to import TableHeader?
All exports of the module are statically known (It doesn't have dynamic exports). So it's known statically that the requested export doesn't exist.

Import traces:
  Client Component Browser:
    ./app/(protected)/purchase-orders/[id]/page.tsx [Client Component Browser]
    ./app/(protected)/purchase-orders/[id]/page.tsx [Server Component]

  Client Component SSR:
    ./app/(protected)/purchase-orders/[id]/page.tsx [Client Component SSR]
    ./app/(protected)/purchase-orders/[id]/page.tsx [Server Component]


./app/(protected)/purchase-orders/[id]/page.tsx:6:1
Export TH doesn't exist in target module
  4 | import { Badge } from "@/components/ui/badge"
  5 | import { Button } from "@/components/ui/button"
> 6 | import { Table, TBody, TD, TH, THead, TR } from "@/components/ui/table"
    | ^^^^^^^^^^^^^^^^^^^^^^^^^^^^^^^^^^^^^^^^^^^^^^^^^^^^^^^^^^^^^^^^^^^^^^^
  7 | import { isApiError, useAuth } from "@/lib/auth"
  8 | import {
  9 |     useCancelPurchaseOrder,

The export TH was not found in module [project]/components/ui/table.tsx [app-ssr] (ecmascript).
Did you mean to import TableHeader?
All exports of the module are statically known (It doesn't have dynamic exports). So it's known statically that the requested export doesn't exist.

Import traces:
  Client Component Browser:
    ./app/(protected)/purchase-orders/[id]/page.tsx [Client Component Browser]
    ./app/(protected)/purchase-orders/[id]/page.tsx [Server Component]

  Client Component SSR:
    ./app/(protected)/purchase-orders/[id]/page.tsx [Client Component SSR]
    ./app/(protected)/purchase-orders/[id]/page.tsx [Server Component]


./app/(protected)/purchase-orders/page.tsx:8:1
Export TH doesn't exist in target module
   6 | import { Input } from "@/components/ui/input"
   7 | import { Select } from "@/components/ui/select"
>  8 | import { Table, TBody, TD, TH, THead, TR } from "@/components/ui/table"
     | ^^^^^^^^^^^^^^^^^^^^^^^^^^^^^^^^^^^^^^^^^^^^^^^^^^^^^^^^^^^^^^^^^^^^^^^
   9 | import { useAuth } from "@/lib/auth"
  10 | import {
  11 |     PURCHASE_ORDER_STATUSES,

The export TH was not found in module [project]/components/ui/table.tsx [app-client] (ecmascript).
Did you mean to import TableHeader?
All exports of the module are statically known (It doesn't have dynamic exports). So it's known statically that the requested export doesn't exist.

Import traces:
  Client Component Browser:
    ./app/(protected)/purchase-orders/page.tsx [Client Component Browser]
    ./app/(protected)/purchase-orders/page.tsx [Server Component]

  Client Component SSR:
    ./app/(protected)/purchase-orders/page.tsx [Client Component SSR]
    ./app/(protected)/purchase-orders/page.tsx [Server Component]


./app/(protected)/purchase-orders/page.tsx:8:1
Export TH doesn't exist in target module
   6 | import { Input } from "@/components/ui/input"
   7 | import { Select } from "@/components/ui/select"
>  8 | import { Table, TBody, TD, TH, THead, TR } from "@/components/ui/table"
     | ^^^^^^^^^^^^^^^^^^^^^^^^^^^^^^^^^^^^^^^^^^^^^^^^^^^^^^^^^^^^^^^^^^^^^^^
   9 | import { useAuth } from "@/lib/auth"
  10 | import {
  11 |     PURCHASE_ORDER_STATUSES,

The export TH was not found in module [project]/components/ui/table.tsx [app-ssr] (ecmascript).
Did you mean to import TableHeader?
All exports of the module are statically known (It doesn't have dynamic exports). So it's known statically that the requested export doesn't exist.

Import traces:
  Client Component Browser:
    ./app/(protected)/purchase-orders/page.tsx [Client Component Browser]
    ./app/(protected)/purchase-orders/page.tsx [Server Component]

  Client Component SSR:
    ./app/(protected)/purchase-orders/page.tsx [Client Component SSR]
    ./app/(protected)/purchase-orders/page.tsx [Server Component]


./app/(protected)/reports/consumption/page.tsx:9:1
Export TH doesn't exist in target module
   7 | import { Input } from "@/components/ui/input"
   8 | import { Select } from "@/components/ui/select"
>  9 | import { Table, TBody, TD, TH, THead, TR } from "@/components/ui/table"
     | ^^^^^^^^^^^^^^^^^^^^^^^^^^^^^^^^^^^^^^^^^^^^^^^^^^^^^^^^^^^^^^^^^^^^^^^
  10 | import { useAllIngredients } from "@/lib/ingredients"
  11 | import {
  12 |     reportsRangeFiltersSchema,

The export TH was not found in module [project]/components/ui/table.tsx [app-client] (ecmascript).
Did you mean to import TableHeader?
All exports of the module are statically known (It doesn't have dynamic exports). So it's known statically that the requested export doesn't exist.

Import traces:
  Client Component Browser:
    ./app/(protected)/reports/consumption/page.tsx [Client Component Browser]
    ./app/(protected)/reports/consumption/page.tsx [Server Component]

  Client Component SSR:
    ./app/(protected)/reports/consumption/page.tsx [Client Component SSR]
    ./app/(protected)/reports/consumption/page.tsx [Server Component]


./app/(protected)/reports/consumption/page.tsx:9:1
Export TH doesn't exist in target module
   7 | import { Input } from "@/components/ui/input"
   8 | import { Select } from "@/components/ui/select"
>  9 | import { Table, TBody, TD, TH, THead, TR } from "@/components/ui/table"
     | ^^^^^^^^^^^^^^^^^^^^^^^^^^^^^^^^^^^^^^^^^^^^^^^^^^^^^^^^^^^^^^^^^^^^^^^
  10 | import { useAllIngredients } from "@/lib/ingredients"
  11 | import {
  12 |     reportsRangeFiltersSchema,

The export TH was not found in module [project]/components/ui/table.tsx [app-ssr] (ecmascript).
Did you mean to import TableHeader?
All exports of the module are statically known (It doesn't have dynamic exports). So it's known statically that the requested export doesn't exist.

Import traces:
  Client Component Browser:
    ./app/(protected)/reports/consumption/page.tsx [Client Component Browser]
    ./app/(protected)/reports/consumption/page.tsx [Server Component]

  Client Component SSR:
    ./app/(protected)/reports/consumption/page.tsx [Client Component SSR]
    ./app/(protected)/reports/consumption/page.tsx [Server Component]


./app/(protected)/reports/sales/page.tsx:10:1
Export TH doesn't exist in target module
   8 | import { Input } from "@/components/ui/input"
   9 | import { Select } from "@/components/ui/select"
> 10 | import { Table, TBody, TD, TH, THead, TR } from "@/components/ui/table"
     | ^^^^^^^^^^^^^^^^^^^^^^^^^^^^^^^^^^^^^^^^^^^^^^^^^^^^^^^^^^^^^^^^^^^^^^^
  11 | import { useAllProducts } from "@/lib/products"
  12 | import {
  13 |     reportsRangeFiltersSchema,

The export TH was not found in module [project]/components/ui/table.tsx [app-client] (ecmascript).
Did you mean to import TableHeader?
All exports of the module are statically known (It doesn't have dynamic exports). So it's known statically that the requested export doesn't exist.

Import traces:
  Client Component Browser:
    ./app/(protected)/reports/sales/page.tsx [Client Component Browser]
    ./app/(protected)/reports/sales/page.tsx [Server Component]

  Client Component SSR:
    ./app/(protected)/reports/sales/page.tsx [Client Component SSR]
    ./app/(protected)/reports/sales/page.tsx [Server Component]


./app/(protected)/reports/sales/page.tsx:10:1
Export TH doesn't exist in target module
   8 | import { Input } from "@/components/ui/input"
   9 | import { Select } from "@/components/ui/select"
> 10 | import { Table, TBody, TD, TH, THead, TR } from "@/components/ui/table"
     | ^^^^^^^^^^^^^^^^^^^^^^^^^^^^^^^^^^^^^^^^^^^^^^^^^^^^^^^^^^^^^^^^^^^^^^^
  11 | import { useAllProducts } from "@/lib/products"
  12 | import {
  13 |     reportsRangeFiltersSchema,

The export TH was not found in module [project]/components/ui/table.tsx [app-ssr] (ecmascript).
Did you mean to import TableHeader?
All exports of the module are statically known (It doesn't have dynamic exports). So it's known statically that the requested export doesn't exist.

Import traces:
  Client Component Browser:
    ./app/(protected)/reports/sales/page.tsx [Client Component Browser]
    ./app/(protected)/reports/sales/page.tsx [Server Component]

  Client Component SSR:
    ./app/(protected)/reports/sales/page.tsx [Client Component SSR]
    ./app/(protected)/reports/sales/page.tsx [Server Component]


./app/(protected)/reports/stock-status/page.tsx:9:1
Export TH doesn't exist in target module
   7 | import { Field } from "@/components/ui/field"
   8 | import { Select } from "@/components/ui/select"
>  9 | import { Table, TBody, TD, TH, THead, TR } from "@/components/ui/table"
     | ^^^^^^^^^^^^^^^^^^^^^^^^^^^^^^^^^^^^^^^^^^^^^^^^^^^^^^^^^^^^^^^^^^^^^^^
  10 | import { useStockStatusReport, type StockStatusRow } from "@/lib/reports"
  11 | import { useAllUnits } from "@/lib/units"
  12 | import Link from "next/link"

The export TH was not found in module [project]/components/ui/table.tsx [app-client] (ecmascript).
Did you mean to import TableHeader?
All exports of the module are statically known (It doesn't have dynamic exports). So it's known statically that the requested export doesn't exist.

Import traces:
  Client Component Browser:
    ./app/(protected)/reports/stock-status/page.tsx [Client Component Browser]
    ./app/(protected)/reports/stock-status/page.tsx [Server Component]

  Client Component SSR:
    ./app/(protected)/reports/stock-status/page.tsx [Client Component SSR]
    ./app/(protected)/reports/stock-status/page.tsx [Server Component]


./app/(protected)/reports/stock-status/page.tsx:9:1
Export TH doesn't exist in target module
   7 | import { Field } from "@/components/ui/field"
   8 | import { Select } from "@/components/ui/select"
>  9 | import { Table, TBody, TD, TH, THead, TR } from "@/components/ui/table"
     | ^^^^^^^^^^^^^^^^^^^^^^^^^^^^^^^^^^^^^^^^^^^^^^^^^^^^^^^^^^^^^^^^^^^^^^^
  10 | import { useStockStatusReport, type StockStatusRow } from "@/lib/reports"
  11 | import { useAllUnits } from "@/lib/units"
  12 | import Link from "next/link"

The export TH was not found in module [project]/components/ui/table.tsx [app-ssr] (ecmascript).
Did you mean to import TableHeader?
All exports of the module are statically known (It doesn't have dynamic exports). So it's known statically that the requested export doesn't exist.

Import traces:
  Client Component Browser:
    ./app/(protected)/reports/stock-status/page.tsx [Client Component Browser]
    ./app/(protected)/reports/stock-status/page.tsx [Server Component]

  Client Component SSR:
    ./app/(protected)/reports/stock-status/page.tsx [Client Component SSR]
    ./app/(protected)/reports/stock-status/page.tsx [Server Component]


./app/(protected)/reports/waste/page.tsx:9:1
Export TH doesn't exist in target module
   7 | import { Input } from "@/components/ui/input"
   8 | import { Select } from "@/components/ui/select"
>  9 | import { Table, TBody, TD, TH, THead, TR } from "@/components/ui/table"
     | ^^^^^^^^^^^^^^^^^^^^^^^^^^^^^^^^^^^^^^^^^^^^^^^^^^^^^^^^^^^^^^^^^^^^^^^
  10 | import { useAllIngredients } from "@/lib/ingredients"
  11 | import {
  12 |     reportsRangeFiltersSchema,

The export TH was not found in module [project]/components/ui/table.tsx [app-client] (ecmascript).
Did you mean to import TableHeader?
All exports of the module are statically known (It doesn't have dynamic exports). So it's known statically that the requested export doesn't exist.

Import traces:
  Client Component Browser:
    ./app/(protected)/reports/waste/page.tsx [Client Component Browser]
    ./app/(protected)/reports/waste/page.tsx [Server Component]

  Client Component SSR:
    ./app/(protected)/reports/waste/page.tsx [Client Component SSR]
    ./app/(protected)/reports/waste/page.tsx [Server Component]


./app/(protected)/reports/waste/page.tsx:9:1
Export TH doesn't exist in target module
   7 | import { Input } from "@/components/ui/input"
   8 | import { Select } from "@/components/ui/select"
>  9 | import { Table, TBody, TD, TH, THead, TR } from "@/components/ui/table"
     | ^^^^^^^^^^^^^^^^^^^^^^^^^^^^^^^^^^^^^^^^^^^^^^^^^^^^^^^^^^^^^^^^^^^^^^^
  10 | import { useAllIngredients } from "@/lib/ingredients"
  11 | import {
  12 |     reportsRangeFiltersSchema,

The export TH was not found in module [project]/components/ui/table.tsx [app-ssr] (ecmascript).
Did you mean to import TableHeader?
All exports of the module are statically known (It doesn't have dynamic exports). So it's known statically that the requested export doesn't exist.

Import traces:
  Client Component Browser:
    ./app/(protected)/reports/waste/page.tsx [Client Component Browser]
    ./app/(protected)/reports/waste/page.tsx [Server Component]

  Client Component SSR:
    ./app/(protected)/reports/waste/page.tsx [Client Component SSR]
    ./app/(protected)/reports/waste/page.tsx [Server Component]


./app/(protected)/stock-movements/page.tsx:8:1
Export TH doesn't exist in target module
   6 | import { Input } from "@/components/ui/input"
   7 | import { Select } from "@/components/ui/select"
>  8 | import { Table, TBody, TD, TH, THead, TR } from "@/components/ui/table"
     | ^^^^^^^^^^^^^^^^^^^^^^^^^^^^^^^^^^^^^^^^^^^^^^^^^^^^^^^^^^^^^^^^^^^^^^^
   9 | import { useAuth } from "@/lib/auth"
  10 | import { useAllIngredients } from "@/lib/ingredients"
  11 | import {

The export TH was not found in module [project]/components/ui/table.tsx [app-client] (ecmascript).
Did you mean to import TableHeader?
All exports of the module are statically known (It doesn't have dynamic exports). So it's known statically that the requested export doesn't exist.

Import traces:
  Client Component Browser:
    ./app/(protected)/stock-movements/page.tsx [Client Component Browser]
    ./app/(protected)/stock-movements/page.tsx [Server Component]

  Client Component SSR:
    ./app/(protected)/stock-movements/page.tsx [Client Component SSR]
    ./app/(protected)/stock-movements/page.tsx [Server Component]


./app/(protected)/stock-movements/page.tsx:8:1
Export TH doesn't exist in target module
   6 | import { Input } from "@/components/ui/input"
   7 | import { Select } from "@/components/ui/select"
>  8 | import { Table, TBody, TD, TH, THead, TR } from "@/components/ui/table"
     | ^^^^^^^^^^^^^^^^^^^^^^^^^^^^^^^^^^^^^^^^^^^^^^^^^^^^^^^^^^^^^^^^^^^^^^^
   9 | import { useAuth } from "@/lib/auth"
  10 | import { useAllIngredients } from "@/lib/ingredients"
  11 | import {

The export TH was not found in module [project]/components/ui/table.tsx [app-ssr] (ecmascript).
Did you mean to import TableHeader?
All exports of the module are statically known (It doesn't have dynamic exports). So it's known statically that the requested export doesn't exist.

Import traces:
  Client Component Browser:
    ./app/(protected)/stock-movements/page.tsx [Client Component Browser]
    ./app/(protected)/stock-movements/page.tsx [Server Component]

  Client Component SSR:
    ./app/(protected)/stock-movements/page.tsx [Client Component SSR]
    ./app/(protected)/stock-movements/page.tsx [Server Component]


./app/(protected)/stock/page.tsx:7:1
Export TH doesn't exist in target module
   5 | import { Field } from "@/components/ui/field"
   6 | import { Select } from "@/components/ui/select"
>  7 | import { Table, TBody, TD, TH, THead, TR } from "@/components/ui/table"
     | ^^^^^^^^^^^^^^^^^^^^^^^^^^^^^^^^^^^^^^^^^^^^^^^^^^^^^^^^^^^^^^^^^^^^^^^
   8 | import { useAllIngredients } from "@/lib/ingredients"
   9 | import { useLowStock, useStock } from "@/lib/stock"
  10 | import { useAllUnits } from "@/lib/units"

The export TH was not found in module [project]/components/ui/table.tsx [app-client] (ecmascript).
Did you mean to import TableHeader?
All exports of the module are statically known (It doesn't have dynamic exports). So it's known statically that the requested export doesn't exist.

Import traces:
  Client Component Browser:
    ./app/(protected)/stock/page.tsx [Client Component Browser]
    ./app/(protected)/stock/page.tsx [Server Component]

  Client Component SSR:
    ./app/(protected)/stock/page.tsx [Client Component SSR]
    ./app/(protected)/stock/page.tsx [Server Component]


./app/(protected)/stock/page.tsx:7:1
Export TH doesn't exist in target module
   5 | import { Field } from "@/components/ui/field"
   6 | import { Select } from "@/components/ui/select"
>  7 | import { Table, TBody, TD, TH, THead, TR } from "@/components/ui/table"
     | ^^^^^^^^^^^^^^^^^^^^^^^^^^^^^^^^^^^^^^^^^^^^^^^^^^^^^^^^^^^^^^^^^^^^^^^
   8 | import { useAllIngredients } from "@/lib/ingredients"
   9 | import { useLowStock, useStock } from "@/lib/stock"
  10 | import { useAllUnits } from "@/lib/units"

The export TH was not found in module [project]/components/ui/table.tsx [app-ssr] (ecmascript).
Did you mean to import TableHeader?
All exports of the module are statically known (It doesn't have dynamic exports). So it's known statically that the requested export doesn't exist.

Import traces:
  Client Component Browser:
    ./app/(protected)/stock/page.tsx [Client Component Browser]
    ./app/(protected)/stock/page.tsx [Server Component]

  Client Component SSR:
    ./app/(protected)/stock/page.tsx [Client Component SSR]
    ./app/(protected)/stock/page.tsx [Server Component]


./app/(protected)/suppliers/page.tsx:6:1
Export TH doesn't exist in target module
  4 | import { Badge } from "@/components/ui/badge"
  5 | import { Button } from "@/components/ui/button"
> 6 | import { Table, TBody, TD, TH, THead, TR } from "@/components/ui/table"
    | ^^^^^^^^^^^^^^^^^^^^^^^^^^^^^^^^^^^^^^^^^^^^^^^^^^^^^^^^^^^^^^^^^^^^^^^
  7 | import { isApiError, useAuth } from "@/lib/auth"
  8 | import { useDeactivateSupplier, useSuppliers, type Supplier } from "@/lib/suppliers"
  9 | import { Pencil, Plus, Power } from "lucide-react"

The export TH was not found in module [project]/components/ui/table.tsx [app-client] (ecmascript).
Did you mean to import TableHeader?
All exports of the module are statically known (It doesn't have dynamic exports). So it's known statically that the requested export doesn't exist.

Import traces:
  Client Component Browser:
    ./app/(protected)/suppliers/page.tsx [Client Component Browser]
    ./app/(protected)/suppliers/page.tsx [Server Component]

  Client Component SSR:
    ./app/(protected)/suppliers/page.tsx [Client Component SSR]
    ./app/(protected)/suppliers/page.tsx [Server Component]


./app/(protected)/suppliers/page.tsx:6:1
Export TH doesn't exist in target module
  4 | import { Badge } from "@/components/ui/badge"
  5 | import { Button } from "@/components/ui/button"
> 6 | import { Table, TBody, TD, TH, THead, TR } from "@/components/ui/table"
    | ^^^^^^^^^^^^^^^^^^^^^^^^^^^^^^^^^^^^^^^^^^^^^^^^^^^^^^^^^^^^^^^^^^^^^^^
  7 | import { isApiError, useAuth } from "@/lib/auth"
  8 | import { useDeactivateSupplier, useSuppliers, type Supplier } from "@/lib/suppliers"
  9 | import { Pencil, Plus, Power } from "lucide-react"

The export TH was not found in module [project]/components/ui/table.tsx [app-ssr] (ecmascript).
Did you mean to import TableHeader?
All exports of the module are statically known (It doesn't have dynamic exports). So it's known statically that the requested export doesn't exist.

Import traces:
  Client Component Browser:
    ./app/(protected)/suppliers/page.tsx [Client Component Browser]
    ./app/(protected)/suppliers/page.tsx [Server Component]

  Client Component SSR:
    ./app/(protected)/suppliers/page.tsx [Client Component SSR]
    ./app/(protected)/suppliers/page.tsx [Server Component]


./app/(protected)/units/page.tsx:6:1
Export TH doesn't exist in target module
  4 | import { Badge } from "@/components/ui/badge"
  5 | import { Button } from "@/components/ui/button"
> 6 | import { Table, TBody, TD, TH, THead, TR } from "@/components/ui/table"
    | ^^^^^^^^^^^^^^^^^^^^^^^^^^^^^^^^^^^^^^^^^^^^^^^^^^^^^^^^^^^^^^^^^^^^^^^
  7 | import { isApiError, useAuth } from "@/lib/auth"
  8 | import { useDeactivateUnit, useUnits, type Unit } from "@/lib/units"
  9 | import { Pencil, Plus, Power } from "lucide-react"

The export TH was not found in module [project]/components/ui/table.tsx [app-client] (ecmascript).
Did you mean to import TableHeader?
All exports of the module are statically known (It doesn't have dynamic exports). So it's known statically that the requested export doesn't exist.

Import traces:
  Client Component Browser:
    ./app/(protected)/units/page.tsx [Client Component Browser]
    ./app/(protected)/units/page.tsx [Server Component]

  Client Component SSR:
    ./app/(protected)/units/page.tsx [Client Component SSR]
    ./app/(protected)/units/page.tsx [Server Component]


./app/(protected)/units/page.tsx:6:1
Export TH doesn't exist in target module
  4 | import { Badge } from "@/components/ui/badge"
  5 | import { Button } from "@/components/ui/button"
> 6 | import { Table, TBody, TD, TH, THead, TR } from "@/components/ui/table"
    | ^^^^^^^^^^^^^^^^^^^^^^^^^^^^^^^^^^^^^^^^^^^^^^^^^^^^^^^^^^^^^^^^^^^^^^^
  7 | import { isApiError, useAuth } from "@/lib/auth"
  8 | import { useDeactivateUnit, useUnits, type Unit } from "@/lib/units"
  9 | import { Pencil, Plus, Power } from "lucide-react"

The export TH was not found in module [project]/components/ui/table.tsx [app-ssr] (ecmascript).
Did you mean to import TableHeader?
All exports of the module are statically known (It doesn't have dynamic exports). So it's known statically that the requested export doesn't exist.

Import traces:
  Client Component Browser:
    ./app/(protected)/units/page.tsx [Client Component Browser]
    ./app/(protected)/units/page.tsx [Server Component]

  Client Component SSR:
    ./app/(protected)/units/page.tsx [Client Component SSR]
    ./app/(protected)/units/page.tsx [Server Component]


./app/(protected)/users/page.tsx:6:1
Export TH doesn't exist in target module
  4 | import { Badge } from "@/components/ui/badge"
  5 | import { Button } from "@/components/ui/button"
> 6 | import { Table, TBody, TD, TH, THead, TR } from "@/components/ui/table"
    | ^^^^^^^^^^^^^^^^^^^^^^^^^^^^^^^^^^^^^^^^^^^^^^^^^^^^^^^^^^^^^^^^^^^^^^^
  7 | import { isApiError, useAuth } from "@/lib/auth"
  8 | import {
  9 |     useDeactivateUser,

The export TH was not found in module [project]/components/ui/table.tsx [app-client] (ecmascript).
Did you mean to import TableHeader?
All exports of the module are statically known (It doesn't have dynamic exports). So it's known statically that the requested export doesn't exist.

Import traces:
  Client Component Browser:
    ./app/(protected)/users/page.tsx [Client Component Browser]
    ./app/(protected)/users/page.tsx [Server Component]

  Client Component SSR:
    ./app/(protected)/users/page.tsx [Client Component SSR]
    ./app/(protected)/users/page.tsx [Server Component]


./app/(protected)/users/page.tsx:6:1
Export TH doesn't exist in target module
  4 | import { Badge } from "@/components/ui/badge"
  5 | import { Button } from "@/components/ui/button"
> 6 | import { Table, TBody, TD, TH, THead, TR } from "@/components/ui/table"
    | ^^^^^^^^^^^^^^^^^^^^^^^^^^^^^^^^^^^^^^^^^^^^^^^^^^^^^^^^^^^^^^^^^^^^^^^
  7 | import { isApiError, useAuth } from "@/lib/auth"
  8 | import {
  9 |     useDeactivateUser,

The export TH was not found in module [project]/components/ui/table.tsx [app-ssr] (ecmascript).
Did you mean to import TableHeader?
All exports of the module are statically known (It doesn't have dynamic exports). So it's known statically that the requested export doesn't exist.

Import traces:
  Client Component Browser:
    ./app/(protected)/users/page.tsx [Client Component Browser]
    ./app/(protected)/users/page.tsx [Server Component]

  Client Component SSR:
    ./app/(protected)/users/page.tsx [Client Component SSR]
    ./app/(protected)/users/page.tsx [Server Component]


./app/(protected)/audit-logs/page.tsx:8:1
Export THead doesn't exist in target module
   6 | import { Input } from "@/components/ui/input"
   7 | import { Select } from "@/components/ui/select"
>  8 | import { Table, TBody, TD, TH, THead, TR } from "@/components/ui/table"
     | ^^^^^^^^^^^^^^^^^^^^^^^^^^^^^^^^^^^^^^^^^^^^^^^^^^^^^^^^^^^^^^^^^^^^^^^
   9 | import {
  10 |     actionBadgeVariant,
  11 |     AUDIT_ACTIONS,

The export THead was not found in module [project]/components/ui/table.tsx [app-client] (ecmascript).
Did you mean to import TableHeader?
All exports of the module are statically known (It doesn't have dynamic exports). So it's known statically that the requested export doesn't exist.

Import traces:
  Client Component Browser:
    ./app/(protected)/audit-logs/page.tsx [Client Component Browser]
    ./app/(protected)/audit-logs/page.tsx [Server Component]

  Client Component SSR:
    ./app/(protected)/audit-logs/page.tsx [Client Component SSR]
    ./app/(protected)/audit-logs/page.tsx [Server Component]


./app/(protected)/audit-logs/page.tsx:8:1
Export THead doesn't exist in target module
   6 | import { Input } from "@/components/ui/input"
   7 | import { Select } from "@/components/ui/select"
>  8 | import { Table, TBody, TD, TH, THead, TR } from "@/components/ui/table"
     | ^^^^^^^^^^^^^^^^^^^^^^^^^^^^^^^^^^^^^^^^^^^^^^^^^^^^^^^^^^^^^^^^^^^^^^^
   9 | import {
  10 |     actionBadgeVariant,
  11 |     AUDIT_ACTIONS,

The export THead was not found in module [project]/components/ui/table.tsx [app-ssr] (ecmascript).
Did you mean to import TableHeader?
All exports of the module are statically known (It doesn't have dynamic exports). So it's known statically that the requested export doesn't exist.

Import traces:
  Client Component Browser:
    ./app/(protected)/audit-logs/page.tsx [Client Component Browser]
    ./app/(protected)/audit-logs/page.tsx [Server Component]

  Client Component SSR:
    ./app/(protected)/audit-logs/page.tsx [Client Component SSR]
    ./app/(protected)/audit-logs/page.tsx [Server Component]


./app/(protected)/categories/page.tsx:5:1
Export THead doesn't exist in target module
  3 | import { ConfirmDialog } from "@/components/overlays/confirm-dialog"
  4 | import { Button } from "@/components/ui/button"
> 5 | import { Table, TBody, TD, TH, THead, TR } from "@/components/ui/table"
    | ^^^^^^^^^^^^^^^^^^^^^^^^^^^^^^^^^^^^^^^^^^^^^^^^^^^^^^^^^^^^^^^^^^^^^^^
  6 | import { isApiError, useAuth } from "@/lib/auth"
  7 | import { useCategories, useDeleteCategory, type Category } from "@/lib/categories"
  8 | import { Pencil, Plus, Trash2 } from "lucide-react"

The export THead was not found in module [project]/components/ui/table.tsx [app-client] (ecmascript).
Did you mean to import TableHeader?
All exports of the module are statically known (It doesn't have dynamic exports). So it's known statically that the requested export doesn't exist.

Import traces:
  Client Component Browser:
    ./app/(protected)/categories/page.tsx [Client Component Browser]
    ./app/(protected)/categories/page.tsx [Server Component]

  Client Component SSR:
    ./app/(protected)/categories/page.tsx [Client Component SSR]
    ./app/(protected)/categories/page.tsx [Server Component]


./app/(protected)/categories/page.tsx:5:1
Export THead doesn't exist in target module
  3 | import { ConfirmDialog } from "@/components/overlays/confirm-dialog"
  4 | import { Button } from "@/components/ui/button"
> 5 | import { Table, TBody, TD, TH, THead, TR } from "@/components/ui/table"
    | ^^^^^^^^^^^^^^^^^^^^^^^^^^^^^^^^^^^^^^^^^^^^^^^^^^^^^^^^^^^^^^^^^^^^^^^
  6 | import { isApiError, useAuth } from "@/lib/auth"
  7 | import { useCategories, useDeleteCategory, type Category } from "@/lib/categories"
  8 | import { Pencil, Plus, Trash2 } from "lucide-react"

The export THead was not found in module [project]/components/ui/table.tsx [app-ssr] (ecmascript).
Did you mean to import TableHeader?
All exports of the module are statically known (It doesn't have dynamic exports). So it's known statically that the requested export doesn't exist.

Import traces:
  Client Component Browser:
    ./app/(protected)/categories/page.tsx [Client Component Browser]
    ./app/(protected)/categories/page.tsx [Server Component]

  Client Component SSR:
    ./app/(protected)/categories/page.tsx [Client Component SSR]
    ./app/(protected)/categories/page.tsx [Server Component]


./app/(protected)/ingredients/page.tsx:8:1
Export THead doesn't exist in target module
   6 | import { Field } from "@/components/ui/field"
   7 | import { Select } from "@/components/ui/select"
>  8 | import { Table, TBody, TD, TH, THead, TR } from "@/components/ui/table"
     | ^^^^^^^^^^^^^^^^^^^^^^^^^^^^^^^^^^^^^^^^^^^^^^^^^^^^^^^^^^^^^^^^^^^^^^^
   9 | import { isApiError, useAuth } from "@/lib/auth"
  10 | import { useAllCategories } from "@/lib/categories"
  11 | import {

The export THead was not found in module [project]/components/ui/table.tsx [app-client] (ecmascript).
Did you mean to import TableHeader?
All exports of the module are statically known (It doesn't have dynamic exports). So it's known statically that the requested export doesn't exist.

Import traces:
  Client Component Browser:
    ./app/(protected)/ingredients/page.tsx [Client Component Browser]
    ./app/(protected)/ingredients/page.tsx [Server Component]

  Client Component SSR:
    ./app/(protected)/ingredients/page.tsx [Client Component SSR]
    ./app/(protected)/ingredients/page.tsx [Server Component]


./app/(protected)/ingredients/page.tsx:8:1
Export THead doesn't exist in target module
   6 | import { Field } from "@/components/ui/field"
   7 | import { Select } from "@/components/ui/select"
>  8 | import { Table, TBody, TD, TH, THead, TR } from "@/components/ui/table"
     | ^^^^^^^^^^^^^^^^^^^^^^^^^^^^^^^^^^^^^^^^^^^^^^^^^^^^^^^^^^^^^^^^^^^^^^^
   9 | import { isApiError, useAuth } from "@/lib/auth"
  10 | import { useAllCategories } from "@/lib/categories"
  11 | import {

The export THead was not found in module [project]/components/ui/table.tsx [app-ssr] (ecmascript).
Did you mean to import TableHeader?
All exports of the module are statically known (It doesn't have dynamic exports). So it's known statically that the requested export doesn't exist.

Import traces:
  Client Component Browser:
    ./app/(protected)/ingredients/page.tsx [Client Component Browser]
    ./app/(protected)/ingredients/page.tsx [Server Component]

  Client Component SSR:
    ./app/(protected)/ingredients/page.tsx [Client Component SSR]
    ./app/(protected)/ingredients/page.tsx [Server Component]


./app/(protected)/notifications/page.tsx:8:1
Export THead doesn't exist in target module
   6 | import { Input } from "@/components/ui/input"
   7 | import { Select } from "@/components/ui/select"
>  8 | import { Table, TBody, TD, TH, THead, TR } from "@/components/ui/table"
     | ^^^^^^^^^^^^^^^^^^^^^^^^^^^^^^^^^^^^^^^^^^^^^^^^^^^^^^^^^^^^^^^^^^^^^^^
   9 | import {
  10 |     NOTIFICATION_STATUSES,
  11 |     useNotifications,

The export THead was not found in module [project]/components/ui/table.tsx [app-client] (ecmascript).
Did you mean to import TableHeader?
All exports of the module are statically known (It doesn't have dynamic exports). So it's known statically that the requested export doesn't exist.

Import traces:
  Client Component Browser:
    ./app/(protected)/notifications/page.tsx [Client Component Browser]
    ./app/(protected)/notifications/page.tsx [Server Component]

  Client Component SSR:
    ./app/(protected)/notifications/page.tsx [Client Component SSR]
    ./app/(protected)/notifications/page.tsx [Server Component]


./app/(protected)/notifications/page.tsx:8:1
Export THead doesn't exist in target module
   6 | import { Input } from "@/components/ui/input"
   7 | import { Select } from "@/components/ui/select"
>  8 | import { Table, TBody, TD, TH, THead, TR } from "@/components/ui/table"
     | ^^^^^^^^^^^^^^^^^^^^^^^^^^^^^^^^^^^^^^^^^^^^^^^^^^^^^^^^^^^^^^^^^^^^^^^
   9 | import {
  10 |     NOTIFICATION_STATUSES,
  11 |     useNotifications,

The export THead was not found in module [project]/components/ui/table.tsx [app-ssr] (ecmascript).
Did you mean to import TableHeader?
All exports of the module are statically known (It doesn't have dynamic exports). So it's known statically that the requested export doesn't exist.

Import traces:
  Client Component Browser:
    ./app/(protected)/notifications/page.tsx [Client Component Browser]
    ./app/(protected)/notifications/page.tsx [Server Component]

  Client Component SSR:
    ./app/(protected)/notifications/page.tsx [Client Component SSR]
    ./app/(protected)/notifications/page.tsx [Server Component]


./app/(protected)/orders/[id]/page.tsx:6:1
Export THead doesn't exist in target module
  4 | import { Badge } from "@/components/ui/badge"
  5 | import { Button } from "@/components/ui/button"
> 6 | import { Table, TBody, TD, TH, THead, TR } from "@/components/ui/table"
    | ^^^^^^^^^^^^^^^^^^^^^^^^^^^^^^^^^^^^^^^^^^^^^^^^^^^^^^^^^^^^^^^^^^^^^^^
  7 | import { isApiError, useAuth } from "@/lib/auth"
  8 | import {
  9 |     useCancelOrder,

The export THead was not found in module [project]/components/ui/table.tsx [app-client] (ecmascript).
Did you mean to import TableHeader?
All exports of the module are statically known (It doesn't have dynamic exports). So it's known statically that the requested export doesn't exist.

Import traces:
  Client Component Browser:
    ./app/(protected)/orders/[id]/page.tsx [Client Component Browser]
    ./app/(protected)/orders/[id]/page.tsx [Server Component]

  Client Component SSR:
    ./app/(protected)/orders/[id]/page.tsx [Client Component SSR]
    ./app/(protected)/orders/[id]/page.tsx [Server Component]


./app/(protected)/orders/[id]/page.tsx:6:1
Export THead doesn't exist in target module
  4 | import { Badge } from "@/components/ui/badge"
  5 | import { Button } from "@/components/ui/button"
> 6 | import { Table, TBody, TD, TH, THead, TR } from "@/components/ui/table"
    | ^^^^^^^^^^^^^^^^^^^^^^^^^^^^^^^^^^^^^^^^^^^^^^^^^^^^^^^^^^^^^^^^^^^^^^^
  7 | import { isApiError, useAuth } from "@/lib/auth"
  8 | import {
  9 |     useCancelOrder,

The export THead was not found in module [project]/components/ui/table.tsx [app-ssr] (ecmascript).
Did you mean to import TableHeader?
All exports of the module are statically known (It doesn't have dynamic exports). So it's known statically that the requested export doesn't exist.

Import traces:
  Client Component Browser:
    ./app/(protected)/orders/[id]/page.tsx [Client Component Browser]
    ./app/(protected)/orders/[id]/page.tsx [Server Component]

  Client Component SSR:
    ./app/(protected)/orders/[id]/page.tsx [Client Component SSR]
    ./app/(protected)/orders/[id]/page.tsx [Server Component]


./app/(protected)/orders/page.tsx:8:1
Export THead doesn't exist in target module
   6 | import { Input } from "@/components/ui/input"
   7 | import { Select } from "@/components/ui/select"
>  8 | import { Table, TBody, TD, TH, THead, TR } from "@/components/ui/table"
     | ^^^^^^^^^^^^^^^^^^^^^^^^^^^^^^^^^^^^^^^^^^^^^^^^^^^^^^^^^^^^^^^^^^^^^^^
   9 | import { useAuth } from "@/lib/auth"
  10 | import {
  11 |     ORDER_STATUSES,

The export THead was not found in module [project]/components/ui/table.tsx [app-client] (ecmascript).
Did you mean to import TableHeader?
All exports of the module are statically known (It doesn't have dynamic exports). So it's known statically that the requested export doesn't exist.

Import traces:
  Client Component Browser:
    ./app/(protected)/orders/page.tsx [Client Component Browser]
    ./app/(protected)/orders/page.tsx [Server Component]

  Client Component SSR:
    ./app/(protected)/orders/page.tsx [Client Component SSR]
    ./app/(protected)/orders/page.tsx [Server Component]


./app/(protected)/orders/page.tsx:8:1
Export THead doesn't exist in target module
   6 | import { Input } from "@/components/ui/input"
   7 | import { Select } from "@/components/ui/select"
>  8 | import { Table, TBody, TD, TH, THead, TR } from "@/components/ui/table"
     | ^^^^^^^^^^^^^^^^^^^^^^^^^^^^^^^^^^^^^^^^^^^^^^^^^^^^^^^^^^^^^^^^^^^^^^^
   9 | import { useAuth } from "@/lib/auth"
  10 | import {
  11 |     ORDER_STATUSES,

The export THead was not found in module [project]/components/ui/table.tsx [app-ssr] (ecmascript).
Did you mean to import TableHeader?
All exports of the module are statically known (It doesn't have dynamic exports). So it's known statically that the requested export doesn't exist.

Import traces:
  Client Component Browser:
    ./app/(protected)/orders/page.tsx [Client Component Browser]
    ./app/(protected)/orders/page.tsx [Server Component]

  Client Component SSR:
    ./app/(protected)/orders/page.tsx [Client Component SSR]
    ./app/(protected)/orders/page.tsx [Server Component]


./app/(protected)/products/[id]/page.tsx:6:1
Export THead doesn't exist in target module
  4 | import { Badge } from "@/components/ui/badge"
  5 | import { Button } from "@/components/ui/button"
> 6 | import { Table, TBody, TD, TH, THead, TR } from "@/components/ui/table"
    | ^^^^^^^^^^^^^^^^^^^^^^^^^^^^^^^^^^^^^^^^^^^^^^^^^^^^^^^^^^^^^^^^^^^^^^^
  7 | import { isApiError, useAuth } from "@/lib/auth"
  8 | import { useDeactivateProduct, useProduct } from "@/lib/products"
  9 | import Link from "next/link"

The export THead was not found in module [project]/components/ui/table.tsx [app-client] (ecmascript).
Did you mean to import TableHeader?
All exports of the module are statically known (It doesn't have dynamic exports). So it's known statically that the requested export doesn't exist.

Import traces:
  Client Component Browser:
    ./app/(protected)/products/[id]/page.tsx [Client Component Browser]
    ./app/(protected)/products/[id]/page.tsx [Server Component]

  Client Component SSR:
    ./app/(protected)/products/[id]/page.tsx [Client Component SSR]
    ./app/(protected)/products/[id]/page.tsx [Server Component]


./app/(protected)/products/[id]/page.tsx:6:1
Export THead doesn't exist in target module
  4 | import { Badge } from "@/components/ui/badge"
  5 | import { Button } from "@/components/ui/button"
> 6 | import { Table, TBody, TD, TH, THead, TR } from "@/components/ui/table"
    | ^^^^^^^^^^^^^^^^^^^^^^^^^^^^^^^^^^^^^^^^^^^^^^^^^^^^^^^^^^^^^^^^^^^^^^^
  7 | import { isApiError, useAuth } from "@/lib/auth"
  8 | import { useDeactivateProduct, useProduct } from "@/lib/products"
  9 | import Link from "next/link"

The export THead was not found in module [project]/components/ui/table.tsx [app-ssr] (ecmascript).
Did you mean to import TableHeader?
All exports of the module are statically known (It doesn't have dynamic exports). So it's known statically that the requested export doesn't exist.

Import traces:
  Client Component Browser:
    ./app/(protected)/products/[id]/page.tsx [Client Component Browser]
    ./app/(protected)/products/[id]/page.tsx [Server Component]

  Client Component SSR:
    ./app/(protected)/products/[id]/page.tsx [Client Component SSR]
    ./app/(protected)/products/[id]/page.tsx [Server Component]


./app/(protected)/products/page.tsx:8:1
Export THead doesn't exist in target module
   6 | import { Field } from "@/components/ui/field"
   7 | import { Select } from "@/components/ui/select"
>  8 | import { Table, TBody, TD, TH, THead, TR } from "@/components/ui/table"
     | ^^^^^^^^^^^^^^^^^^^^^^^^^^^^^^^^^^^^^^^^^^^^^^^^^^^^^^^^^^^^^^^^^^^^^^^
   9 | import { isApiError, useAuth } from "@/lib/auth"
  10 | import { useAllCategories } from "@/lib/categories"
  11 | import {

The export THead was not found in module [project]/components/ui/table.tsx [app-client] (ecmascript).
Did you mean to import TableHeader?
All exports of the module are statically known (It doesn't have dynamic exports). So it's known statically that the requested export doesn't exist.

Import traces:
  Client Component Browser:
    ./app/(protected)/products/page.tsx [Client Component Browser]
    ./app/(protected)/products/page.tsx [Server Component]

  Client Component SSR:
    ./app/(protected)/products/page.tsx [Client Component SSR]
    ./app/(protected)/products/page.tsx [Server Component]


./app/(protected)/products/page.tsx:8:1
Export THead doesn't exist in target module
   6 | import { Field } from "@/components/ui/field"
   7 | import { Select } from "@/components/ui/select"
>  8 | import { Table, TBody, TD, TH, THead, TR } from "@/components/ui/table"
     | ^^^^^^^^^^^^^^^^^^^^^^^^^^^^^^^^^^^^^^^^^^^^^^^^^^^^^^^^^^^^^^^^^^^^^^^
   9 | import { isApiError, useAuth } from "@/lib/auth"
  10 | import { useAllCategories } from "@/lib/categories"
  11 | import {

The export THead was not found in module [project]/components/ui/table.tsx [app-ssr] (ecmascript).
Did you mean to import TableHeader?
All exports of the module are statically known (It doesn't have dynamic exports). So it's known statically that the requested export doesn't exist.

Import traces:
  Client Component Browser:
    ./app/(protected)/products/page.tsx [Client Component Browser]
    ./app/(protected)/products/page.tsx [Server Component]

  Client Component SSR:
    ./app/(protected)/products/page.tsx [Client Component SSR]
    ./app/(protected)/products/page.tsx [Server Component]


./app/(protected)/purchase-orders/[id]/page.tsx:6:1
Export THead doesn't exist in target module
  4 | import { Badge } from "@/components/ui/badge"
  5 | import { Button } from "@/components/ui/button"
> 6 | import { Table, TBody, TD, TH, THead, TR } from "@/components/ui/table"
    | ^^^^^^^^^^^^^^^^^^^^^^^^^^^^^^^^^^^^^^^^^^^^^^^^^^^^^^^^^^^^^^^^^^^^^^^
  7 | import { isApiError, useAuth } from "@/lib/auth"
  8 | import {
  9 |     useCancelPurchaseOrder,

The export THead was not found in module [project]/components/ui/table.tsx [app-client] (ecmascript).
Did you mean to import TableHeader?
All exports of the module are statically known (It doesn't have dynamic exports). So it's known statically that the requested export doesn't exist.

Import traces:
  Client Component Browser:
    ./app/(protected)/purchase-orders/[id]/page.tsx [Client Component Browser]
    ./app/(protected)/purchase-orders/[id]/page.tsx [Server Component]

  Client Component SSR:
    ./app/(protected)/purchase-orders/[id]/page.tsx [Client Component SSR]
    ./app/(protected)/purchase-orders/[id]/page.tsx [Server Component]


./app/(protected)/purchase-orders/[id]/page.tsx:6:1
Export THead doesn't exist in target module
  4 | import { Badge } from "@/components/ui/badge"
  5 | import { Button } from "@/components/ui/button"
> 6 | import { Table, TBody, TD, TH, THead, TR } from "@/components/ui/table"
    | ^^^^^^^^^^^^^^^^^^^^^^^^^^^^^^^^^^^^^^^^^^^^^^^^^^^^^^^^^^^^^^^^^^^^^^^
  7 | import { isApiError, useAuth } from "@/lib/auth"
  8 | import {
  9 |     useCancelPurchaseOrder,

The export THead was not found in module [project]/components/ui/table.tsx [app-ssr] (ecmascript).
Did you mean to import TableHeader?
All exports of the module are statically known (It doesn't have dynamic exports). So it's known statically that the requested export doesn't exist.

Import traces:
  Client Component Browser:
    ./app/(protected)/purchase-orders/[id]/page.tsx [Client Component Browser]
    ./app/(protected)/purchase-orders/[id]/page.tsx [Server Component]

  Client Component SSR:
    ./app/(protected)/purchase-orders/[id]/page.tsx [Client Component SSR]
    ./app/(protected)/purchase-orders/[id]/page.tsx [Server Component]


./app/(protected)/purchase-orders/page.tsx:8:1
Export THead doesn't exist in target module
   6 | import { Input } from "@/components/ui/input"
   7 | import { Select } from "@/components/ui/select"
>  8 | import { Table, TBody, TD, TH, THead, TR } from "@/components/ui/table"
     | ^^^^^^^^^^^^^^^^^^^^^^^^^^^^^^^^^^^^^^^^^^^^^^^^^^^^^^^^^^^^^^^^^^^^^^^
   9 | import { useAuth } from "@/lib/auth"
  10 | import {
  11 |     PURCHASE_ORDER_STATUSES,

The export THead was not found in module [project]/components/ui/table.tsx [app-client] (ecmascript).
Did you mean to import TableHeader?
All exports of the module are statically known (It doesn't have dynamic exports). So it's known statically that the requested export doesn't exist.

Import traces:
  Client Component Browser:
    ./app/(protected)/purchase-orders/page.tsx [Client Component Browser]
    ./app/(protected)/purchase-orders/page.tsx [Server Component]

  Client Component SSR:
    ./app/(protected)/purchase-orders/page.tsx [Client Component SSR]
    ./app/(protected)/purchase-orders/page.tsx [Server Component]


./app/(protected)/purchase-orders/page.tsx:8:1
Export THead doesn't exist in target module
   6 | import { Input } from "@/components/ui/input"
   7 | import { Select } from "@/components/ui/select"
>  8 | import { Table, TBody, TD, TH, THead, TR } from "@/components/ui/table"
     | ^^^^^^^^^^^^^^^^^^^^^^^^^^^^^^^^^^^^^^^^^^^^^^^^^^^^^^^^^^^^^^^^^^^^^^^
   9 | import { useAuth } from "@/lib/auth"
  10 | import {
  11 |     PURCHASE_ORDER_STATUSES,

The export THead was not found in module [project]/components/ui/table.tsx [app-ssr] (ecmascript).
Did you mean to import TableHeader?
All exports of the module are statically known (It doesn't have dynamic exports). So it's known statically that the requested export doesn't exist.

Import traces:
  Client Component Browser:
    ./app/(protected)/purchase-orders/page.tsx [Client Component Browser]
    ./app/(protected)/purchase-orders/page.tsx [Server Component]

  Client Component SSR:
    ./app/(protected)/purchase-orders/page.tsx [Client Component SSR]
    ./app/(protected)/purchase-orders/page.tsx [Server Component]


./app/(protected)/reports/consumption/page.tsx:9:1
Export THead doesn't exist in target module
   7 | import { Input } from "@/components/ui/input"
   8 | import { Select } from "@/components/ui/select"
>  9 | import { Table, TBody, TD, TH, THead, TR } from "@/components/ui/table"
     | ^^^^^^^^^^^^^^^^^^^^^^^^^^^^^^^^^^^^^^^^^^^^^^^^^^^^^^^^^^^^^^^^^^^^^^^
  10 | import { useAllIngredients } from "@/lib/ingredients"
  11 | import {
  12 |     reportsRangeFiltersSchema,

The export THead was not found in module [project]/components/ui/table.tsx [app-client] (ecmascript).
Did you mean to import TableHeader?
All exports of the module are statically known (It doesn't have dynamic exports). So it's known statically that the requested export doesn't exist.

Import traces:
  Client Component Browser:
    ./app/(protected)/reports/consumption/page.tsx [Client Component Browser]
    ./app/(protected)/reports/consumption/page.tsx [Server Component]

  Client Component SSR:
    ./app/(protected)/reports/consumption/page.tsx [Client Component SSR]
    ./app/(protected)/reports/consumption/page.tsx [Server Component]


./app/(protected)/reports/consumption/page.tsx:9:1
Export THead doesn't exist in target module
   7 | import { Input } from "@/components/ui/input"
   8 | import { Select } from "@/components/ui/select"
>  9 | import { Table, TBody, TD, TH, THead, TR } from "@/components/ui/table"
     | ^^^^^^^^^^^^^^^^^^^^^^^^^^^^^^^^^^^^^^^^^^^^^^^^^^^^^^^^^^^^^^^^^^^^^^^
  10 | import { useAllIngredients } from "@/lib/ingredients"
  11 | import {
  12 |     reportsRangeFiltersSchema,

The export THead was not found in module [project]/components/ui/table.tsx [app-ssr] (ecmascript).
Did you mean to import TableHeader?
All exports of the module are statically known (It doesn't have dynamic exports). So it's known statically that the requested export doesn't exist.

Import traces:
  Client Component Browser:
    ./app/(protected)/reports/consumption/page.tsx [Client Component Browser]
    ./app/(protected)/reports/consumption/page.tsx [Server Component]

  Client Component SSR:
    ./app/(protected)/reports/consumption/page.tsx [Client Component SSR]
    ./app/(protected)/reports/consumption/page.tsx [Server Component]


./app/(protected)/reports/sales/page.tsx:10:1
Export THead doesn't exist in target module
   8 | import { Input } from "@/components/ui/input"
   9 | import { Select } from "@/components/ui/select"
> 10 | import { Table, TBody, TD, TH, THead, TR } from "@/components/ui/table"
     | ^^^^^^^^^^^^^^^^^^^^^^^^^^^^^^^^^^^^^^^^^^^^^^^^^^^^^^^^^^^^^^^^^^^^^^^
  11 | import { useAllProducts } from "@/lib/products"
  12 | import {
  13 |     reportsRangeFiltersSchema,

The export THead was not found in module [project]/components/ui/table.tsx [app-client] (ecmascript).
Did you mean to import TableHeader?
All exports of the module are statically known (It doesn't have dynamic exports). So it's known statically that the requested export doesn't exist.

Import traces:
  Client Component Browser:
    ./app/(protected)/reports/sales/page.tsx [Client Component Browser]
    ./app/(protected)/reports/sales/page.tsx [Server Component]

  Client Component SSR:
    ./app/(protected)/reports/sales/page.tsx [Client Component SSR]
    ./app/(protected)/reports/sales/page.tsx [Server Component]


./app/(protected)/reports/sales/page.tsx:10:1
Export THead doesn't exist in target module
   8 | import { Input } from "@/components/ui/input"
   9 | import { Select } from "@/components/ui/select"
> 10 | import { Table, TBody, TD, TH, THead, TR } from "@/components/ui/table"
     | ^^^^^^^^^^^^^^^^^^^^^^^^^^^^^^^^^^^^^^^^^^^^^^^^^^^^^^^^^^^^^^^^^^^^^^^
  11 | import { useAllProducts } from "@/lib/products"
  12 | import {
  13 |     reportsRangeFiltersSchema,

The export THead was not found in module [project]/components/ui/table.tsx [app-ssr] (ecmascript).
Did you mean to import TableHeader?
All exports of the module are statically known (It doesn't have dynamic exports). So it's known statically that the requested export doesn't exist.

Import traces:
  Client Component Browser:
    ./app/(protected)/reports/sales/page.tsx [Client Component Browser]
    ./app/(protected)/reports/sales/page.tsx [Server Component]

  Client Component SSR:
    ./app/(protected)/reports/sales/page.tsx [Client Component SSR]
    ./app/(protected)/reports/sales/page.tsx [Server Component]


./app/(protected)/reports/stock-status/page.tsx:9:1
Export THead doesn't exist in target module
   7 | import { Field } from "@/components/ui/field"
   8 | import { Select } from "@/components/ui/select"
>  9 | import { Table, TBody, TD, TH, THead, TR } from "@/components/ui/table"
     | ^^^^^^^^^^^^^^^^^^^^^^^^^^^^^^^^^^^^^^^^^^^^^^^^^^^^^^^^^^^^^^^^^^^^^^^
  10 | import { useStockStatusReport, type StockStatusRow } from "@/lib/reports"
  11 | import { useAllUnits } from "@/lib/units"
  12 | import Link from "next/link"

The export THead was not found in module [project]/components/ui/table.tsx [app-client] (ecmascript).
Did you mean to import TableHeader?
All exports of the module are statically known (It doesn't have dynamic exports). So it's known statically that the requested export doesn't exist.

Import traces:
  Client Component Browser:
    ./app/(protected)/reports/stock-status/page.tsx [Client Component Browser]
    ./app/(protected)/reports/stock-status/page.tsx [Server Component]

  Client Component SSR:
    ./app/(protected)/reports/stock-status/page.tsx [Client Component SSR]
    ./app/(protected)/reports/stock-status/page.tsx [Server Component]


./app/(protected)/reports/stock-status/page.tsx:9:1
Export THead doesn't exist in target module
   7 | import { Field } from "@/components/ui/field"
   8 | import { Select } from "@/components/ui/select"
>  9 | import { Table, TBody, TD, TH, THead, TR } from "@/components/ui/table"
     | ^^^^^^^^^^^^^^^^^^^^^^^^^^^^^^^^^^^^^^^^^^^^^^^^^^^^^^^^^^^^^^^^^^^^^^^
  10 | import { useStockStatusReport, type StockStatusRow } from "@/lib/reports"
  11 | import { useAllUnits } from "@/lib/units"
  12 | import Link from "next/link"

The export THead was not found in module [project]/components/ui/table.tsx [app-ssr] (ecmascript).
Did you mean to import TableHeader?
All exports of the module are statically known (It doesn't have dynamic exports). So it's known statically that the requested export doesn't exist.

Import traces:
  Client Component Browser:
    ./app/(protected)/reports/stock-status/page.tsx [Client Component Browser]
    ./app/(protected)/reports/stock-status/page.tsx [Server Component]

  Client Component SSR:
    ./app/(protected)/reports/stock-status/page.tsx [Client Component SSR]
    ./app/(protected)/reports/stock-status/page.tsx [Server Component]


./app/(protected)/reports/waste/page.tsx:9:1
Export THead doesn't exist in target module
   7 | import { Input } from "@/components/ui/input"
   8 | import { Select } from "@/components/ui/select"
>  9 | import { Table, TBody, TD, TH, THead, TR } from "@/components/ui/table"
     | ^^^^^^^^^^^^^^^^^^^^^^^^^^^^^^^^^^^^^^^^^^^^^^^^^^^^^^^^^^^^^^^^^^^^^^^
  10 | import { useAllIngredients } from "@/lib/ingredients"
  11 | import {
  12 |     reportsRangeFiltersSchema,

The export THead was not found in module [project]/components/ui/table.tsx [app-client] (ecmascript).
Did you mean to import TableHeader?
All exports of the module are statically known (It doesn't have dynamic exports). So it's known statically that the requested export doesn't exist.

Import traces:
  Client Component Browser:
    ./app/(protected)/reports/waste/page.tsx [Client Component Browser]
    ./app/(protected)/reports/waste/page.tsx [Server Component]

  Client Component SSR:
    ./app/(protected)/reports/waste/page.tsx [Client Component SSR]
    ./app/(protected)/reports/waste/page.tsx [Server Component]


./app/(protected)/reports/waste/page.tsx:9:1
Export THead doesn't exist in target module
   7 | import { Input } from "@/components/ui/input"
   8 | import { Select } from "@/components/ui/select"
>  9 | import { Table, TBody, TD, TH, THead, TR } from "@/components/ui/table"
     | ^^^^^^^^^^^^^^^^^^^^^^^^^^^^^^^^^^^^^^^^^^^^^^^^^^^^^^^^^^^^^^^^^^^^^^^
  10 | import { useAllIngredients } from "@/lib/ingredients"
  11 | import {
  12 |     reportsRangeFiltersSchema,

The export THead was not found in module [project]/components/ui/table.tsx [app-ssr] (ecmascript).
Did you mean to import TableHeader?
All exports of the module are statically known (It doesn't have dynamic exports). So it's known statically that the requested export doesn't exist.

Import traces:
  Client Component Browser:
    ./app/(protected)/reports/waste/page.tsx [Client Component Browser]
    ./app/(protected)/reports/waste/page.tsx [Server Component]

  Client Component SSR:
    ./app/(protected)/reports/waste/page.tsx [Client Component SSR]
    ./app/(protected)/reports/waste/page.tsx [Server Component]


./app/(protected)/stock-movements/page.tsx:8:1
Export THead doesn't exist in target module
   6 | import { Input } from "@/components/ui/input"
   7 | import { Select } from "@/components/ui/select"
>  8 | import { Table, TBody, TD, TH, THead, TR } from "@/components/ui/table"
     | ^^^^^^^^^^^^^^^^^^^^^^^^^^^^^^^^^^^^^^^^^^^^^^^^^^^^^^^^^^^^^^^^^^^^^^^
   9 | import { useAuth } from "@/lib/auth"
  10 | import { useAllIngredients } from "@/lib/ingredients"
  11 | import {

The export THead was not found in module [project]/components/ui/table.tsx [app-client] (ecmascript).
Did you mean to import TableHeader?
All exports of the module are statically known (It doesn't have dynamic exports). So it's known statically that the requested export doesn't exist.

Import traces:
  Client Component Browser:
    ./app/(protected)/stock-movements/page.tsx [Client Component Browser]
    ./app/(protected)/stock-movements/page.tsx [Server Component]

  Client Component SSR:
    ./app/(protected)/stock-movements/page.tsx [Client Component SSR]
    ./app/(protected)/stock-movements/page.tsx [Server Component]


./app/(protected)/stock-movements/page.tsx:8:1
Export THead doesn't exist in target module
   6 | import { Input } from "@/components/ui/input"
   7 | import { Select } from "@/components/ui/select"
>  8 | import { Table, TBody, TD, TH, THead, TR } from "@/components/ui/table"
     | ^^^^^^^^^^^^^^^^^^^^^^^^^^^^^^^^^^^^^^^^^^^^^^^^^^^^^^^^^^^^^^^^^^^^^^^
   9 | import { useAuth } from "@/lib/auth"
  10 | import { useAllIngredients } from "@/lib/ingredients"
  11 | import {

The export THead was not found in module [project]/components/ui/table.tsx [app-ssr] (ecmascript).
Did you mean to import TableHeader?
All exports of the module are statically known (It doesn't have dynamic exports). So it's known statically that the requested export doesn't exist.

Import traces:
  Client Component Browser:
    ./app/(protected)/stock-movements/page.tsx [Client Component Browser]
    ./app/(protected)/stock-movements/page.tsx [Server Component]

  Client Component SSR:
    ./app/(protected)/stock-movements/page.tsx [Client Component SSR]
    ./app/(protected)/stock-movements/page.tsx [Server Component]


./app/(protected)/stock/page.tsx:7:1
Export THead doesn't exist in target module
   5 | import { Field } from "@/components/ui/field"
   6 | import { Select } from "@/components/ui/select"
>  7 | import { Table, TBody, TD, TH, THead, TR } from "@/components/ui/table"
     | ^^^^^^^^^^^^^^^^^^^^^^^^^^^^^^^^^^^^^^^^^^^^^^^^^^^^^^^^^^^^^^^^^^^^^^^
   8 | import { useAllIngredients } from "@/lib/ingredients"
   9 | import { useLowStock, useStock } from "@/lib/stock"
  10 | import { useAllUnits } from "@/lib/units"

The export THead was not found in module [project]/components/ui/table.tsx [app-client] (ecmascript).
Did you mean to import TableHeader?
All exports of the module are statically known (It doesn't have dynamic exports). So it's known statically that the requested export doesn't exist.

Import traces:
  Client Component Browser:
    ./app/(protected)/stock/page.tsx [Client Component Browser]
    ./app/(protected)/stock/page.tsx [Server Component]

  Client Component SSR:
    ./app/(protected)/stock/page.tsx [Client Component SSR]
    ./app/(protected)/stock/page.tsx [Server Component]


./app/(protected)/stock/page.tsx:7:1
Export THead doesn't exist in target module
   5 | import { Field } from "@/components/ui/field"
   6 | import { Select } from "@/components/ui/select"
>  7 | import { Table, TBody, TD, TH, THead, TR } from "@/components/ui/table"
     | ^^^^^^^^^^^^^^^^^^^^^^^^^^^^^^^^^^^^^^^^^^^^^^^^^^^^^^^^^^^^^^^^^^^^^^^
   8 | import { useAllIngredients } from "@/lib/ingredients"
   9 | import { useLowStock, useStock } from "@/lib/stock"
  10 | import { useAllUnits } from "@/lib/units"

The export THead was not found in module [project]/components/ui/table.tsx [app-ssr] (ecmascript).
Did you mean to import TableHeader?
All exports of the module are statically known (It doesn't have dynamic exports). So it's known statically that the requested export doesn't exist.

Import traces:
  Client Component Browser:
    ./app/(protected)/stock/page.tsx [Client Component Browser]
    ./app/(protected)/stock/page.tsx [Server Component]

  Client Component SSR:
    ./app/(protected)/stock/page.tsx [Client Component SSR]
    ./app/(protected)/stock/page.tsx [Server Component]


./app/(protected)/suppliers/page.tsx:6:1
Export THead doesn't exist in target module
  4 | import { Badge } from "@/components/ui/badge"
  5 | import { Button } from "@/components/ui/button"
> 6 | import { Table, TBody, TD, TH, THead, TR } from "@/components/ui/table"
    | ^^^^^^^^^^^^^^^^^^^^^^^^^^^^^^^^^^^^^^^^^^^^^^^^^^^^^^^^^^^^^^^^^^^^^^^
  7 | import { isApiError, useAuth } from "@/lib/auth"
  8 | import { useDeactivateSupplier, useSuppliers, type Supplier } from "@/lib/suppliers"
  9 | import { Pencil, Plus, Power } from "lucide-react"

The export THead was not found in module [project]/components/ui/table.tsx [app-client] (ecmascript).
Did you mean to import TableHeader?
All exports of the module are statically known (It doesn't have dynamic exports). So it's known statically that the requested export doesn't exist.

Import traces:
  Client Component Browser:
    ./app/(protected)/suppliers/page.tsx [Client Component Browser]
    ./app/(protected)/suppliers/page.tsx [Server Component]

  Client Component SSR:
    ./app/(protected)/suppliers/page.tsx [Client Component SSR]
    ./app/(protected)/suppliers/page.tsx [Server Component]


./app/(protected)/suppliers/page.tsx:6:1
Export THead doesn't exist in target module
  4 | import { Badge } from "@/components/ui/badge"
  5 | import { Button } from "@/components/ui/button"
> 6 | import { Table, TBody, TD, TH, THead, TR } from "@/components/ui/table"
    | ^^^^^^^^^^^^^^^^^^^^^^^^^^^^^^^^^^^^^^^^^^^^^^^^^^^^^^^^^^^^^^^^^^^^^^^
  7 | import { isApiError, useAuth } from "@/lib/auth"
  8 | import { useDeactivateSupplier, useSuppliers, type Supplier } from "@/lib/suppliers"
  9 | import { Pencil, Plus, Power } from "lucide-react"

The export THead was not found in module [project]/components/ui/table.tsx [app-ssr] (ecmascript).
Did you mean to import TableHeader?
All exports of the module are statically known (It doesn't have dynamic exports). So it's known statically that the requested export doesn't exist.

Import traces:
  Client Component Browser:
    ./app/(protected)/suppliers/page.tsx [Client Component Browser]
    ./app/(protected)/suppliers/page.tsx [Server Component]

  Client Component SSR:
    ./app/(protected)/suppliers/page.tsx [Client Component SSR]
    ./app/(protected)/suppliers/page.tsx [Server Component]


./app/(protected)/units/page.tsx:6:1
Export THead doesn't exist in target module
  4 | import { Badge } from "@/components/ui/badge"
  5 | import { Button } from "@/components/ui/button"
> 6 | import { Table, TBody, TD, TH, THead, TR } from "@/components/ui/table"
    | ^^^^^^^^^^^^^^^^^^^^^^^^^^^^^^^^^^^^^^^^^^^^^^^^^^^^^^^^^^^^^^^^^^^^^^^
  7 | import { isApiError, useAuth } from "@/lib/auth"
  8 | import { useDeactivateUnit, useUnits, type Unit } from "@/lib/units"
  9 | import { Pencil, Plus, Power } from "lucide-react"

The export THead was not found in module [project]/components/ui/table.tsx [app-client] (ecmascript).
Did you mean to import TableHeader?
All exports of the module are statically known (It doesn't have dynamic exports). So it's known statically that the requested export doesn't exist.

Import traces:
  Client Component Browser:
    ./app/(protected)/units/page.tsx [Client Component Browser]
    ./app/(protected)/units/page.tsx [Server Component]

  Client Component SSR:
    ./app/(protected)/units/page.tsx [Client Component SSR]
    ./app/(protected)/units/page.tsx [Server Component]


./app/(protected)/units/page.tsx:6:1
Export THead doesn't exist in target module
  4 | import { Badge } from "@/components/ui/badge"
  5 | import { Button } from "@/components/ui/button"
> 6 | import { Table, TBody, TD, TH, THead, TR } from "@/components/ui/table"
    | ^^^^^^^^^^^^^^^^^^^^^^^^^^^^^^^^^^^^^^^^^^^^^^^^^^^^^^^^^^^^^^^^^^^^^^^
  7 | import { isApiError, useAuth } from "@/lib/auth"
  8 | import { useDeactivateUnit, useUnits, type Unit } from "@/lib/units"
  9 | import { Pencil, Plus, Power } from "lucide-react"

The export THead was not found in module [project]/components/ui/table.tsx [app-ssr] (ecmascript).
Did you mean to import TableHeader?
All exports of the module are statically known (It doesn't have dynamic exports). So it's known statically that the requested export doesn't exist.

Import traces:
  Client Component Browser:
    ./app/(protected)/units/page.tsx [Client Component Browser]
    ./app/(protected)/units/page.tsx [Server Component]

  Client Component SSR:
    ./app/(protected)/units/page.tsx [Client Component SSR]
    ./app/(protected)/units/page.tsx [Server Component]


./app/(protected)/users/page.tsx:6:1
Export THead doesn't exist in target module
  4 | import { Badge } from "@/components/ui/badge"
  5 | import { Button } from "@/components/ui/button"
> 6 | import { Table, TBody, TD, TH, THead, TR } from "@/components/ui/table"
    | ^^^^^^^^^^^^^^^^^^^^^^^^^^^^^^^^^^^^^^^^^^^^^^^^^^^^^^^^^^^^^^^^^^^^^^^
  7 | import { isApiError, useAuth } from "@/lib/auth"
  8 | import {
  9 |     useDeactivateUser,

The export THead was not found in module [project]/components/ui/table.tsx [app-client] (ecmascript).
Did you mean to import TableHeader?
All exports of the module are statically known (It doesn't have dynamic exports). So it's known statically that the requested export doesn't exist.

Import traces:
  Client Component Browser:
    ./app/(protected)/users/page.tsx [Client Component Browser]
    ./app/(protected)/users/page.tsx [Server Component]

  Client Component SSR:
    ./app/(protected)/users/page.tsx [Client Component SSR]
    ./app/(protected)/users/page.tsx [Server Component]


./app/(protected)/users/page.tsx:6:1
Export THead doesn't exist in target module
  4 | import { Badge } from "@/components/ui/badge"
  5 | import { Button } from "@/components/ui/button"
> 6 | import { Table, TBody, TD, TH, THead, TR } from "@/components/ui/table"
    | ^^^^^^^^^^^^^^^^^^^^^^^^^^^^^^^^^^^^^^^^^^^^^^^^^^^^^^^^^^^^^^^^^^^^^^^
  7 | import { isApiError, useAuth } from "@/lib/auth"
  8 | import {
  9 |     useDeactivateUser,

The export THead was not found in module [project]/components/ui/table.tsx [app-ssr] (ecmascript).
Did you mean to import TableHeader?
All exports of the module are statically known (It doesn't have dynamic exports). So it's known statically that the requested export doesn't exist.

Import traces:
  Client Component Browser:
    ./app/(protected)/users/page.tsx [Client Component Browser]
    ./app/(protected)/users/page.tsx [Server Component]

  Client Component SSR:
    ./app/(protected)/users/page.tsx [Client Component SSR]
    ./app/(protected)/users/page.tsx [Server Component]


./app/(protected)/audit-logs/page.tsx:8:1
Export TR doesn't exist in target module
   6 | import { Input } from "@/components/ui/input"
   7 | import { Select } from "@/components/ui/select"
>  8 | import { Table, TBody, TD, TH, THead, TR } from "@/components/ui/table"
     | ^^^^^^^^^^^^^^^^^^^^^^^^^^^^^^^^^^^^^^^^^^^^^^^^^^^^^^^^^^^^^^^^^^^^^^^
   9 | import {
  10 |     actionBadgeVariant,
  11 |     AUDIT_ACTIONS,

The export TR was not found in module [project]/components/ui/table.tsx [app-client] (ecmascript).
Did you mean to import Table?
All exports of the module are statically known (It doesn't have dynamic exports). So it's known statically that the requested export doesn't exist.

Import traces:
  Client Component Browser:
    ./app/(protected)/audit-logs/page.tsx [Client Component Browser]
    ./app/(protected)/audit-logs/page.tsx [Server Component]

  Client Component SSR:
    ./app/(protected)/audit-logs/page.tsx [Client Component SSR]
    ./app/(protected)/audit-logs/page.tsx [Server Component]


./app/(protected)/audit-logs/page.tsx:8:1
Export TR doesn't exist in target module
   6 | import { Input } from "@/components/ui/input"
   7 | import { Select } from "@/components/ui/select"
>  8 | import { Table, TBody, TD, TH, THead, TR } from "@/components/ui/table"
     | ^^^^^^^^^^^^^^^^^^^^^^^^^^^^^^^^^^^^^^^^^^^^^^^^^^^^^^^^^^^^^^^^^^^^^^^
   9 | import {
  10 |     actionBadgeVariant,
  11 |     AUDIT_ACTIONS,

The export TR was not found in module [project]/components/ui/table.tsx [app-ssr] (ecmascript).
Did you mean to import Table?
All exports of the module are statically known (It doesn't have dynamic exports). So it's known statically that the requested export doesn't exist.

Import traces:
  Client Component Browser:
    ./app/(protected)/audit-logs/page.tsx [Client Component Browser]
    ./app/(protected)/audit-logs/page.tsx [Server Component]

  Client Component SSR:
    ./app/(protected)/audit-logs/page.tsx [Client Component SSR]
    ./app/(protected)/audit-logs/page.tsx [Server Component]


./app/(protected)/categories/page.tsx:5:1
Export TR doesn't exist in target module
  3 | import { ConfirmDialog } from "@/components/overlays/confirm-dialog"
  4 | import { Button } from "@/components/ui/button"
> 5 | import { Table, TBody, TD, TH, THead, TR } from "@/components/ui/table"
    | ^^^^^^^^^^^^^^^^^^^^^^^^^^^^^^^^^^^^^^^^^^^^^^^^^^^^^^^^^^^^^^^^^^^^^^^
  6 | import { isApiError, useAuth } from "@/lib/auth"
  7 | import { useCategories, useDeleteCategory, type Category } from "@/lib/categories"
  8 | import { Pencil, Plus, Trash2 } from "lucide-react"

The export TR was not found in module [project]/components/ui/table.tsx [app-client] (ecmascript).
Did you mean to import Table?
All exports of the module are statically known (It doesn't have dynamic exports). So it's known statically that the requested export doesn't exist.

Import traces:
  Client Component Browser:
    ./app/(protected)/categories/page.tsx [Client Component Browser]
    ./app/(protected)/categories/page.tsx [Server Component]

  Client Component SSR:
    ./app/(protected)/categories/page.tsx [Client Component SSR]
    ./app/(protected)/categories/page.tsx [Server Component]


./app/(protected)/categories/page.tsx:5:1
Export TR doesn't exist in target module
  3 | import { ConfirmDialog } from "@/components/overlays/confirm-dialog"
  4 | import { Button } from "@/components/ui/button"
> 5 | import { Table, TBody, TD, TH, THead, TR } from "@/components/ui/table"
    | ^^^^^^^^^^^^^^^^^^^^^^^^^^^^^^^^^^^^^^^^^^^^^^^^^^^^^^^^^^^^^^^^^^^^^^^
  6 | import { isApiError, useAuth } from "@/lib/auth"
  7 | import { useCategories, useDeleteCategory, type Category } from "@/lib/categories"
  8 | import { Pencil, Plus, Trash2 } from "lucide-react"

The export TR was not found in module [project]/components/ui/table.tsx [app-ssr] (ecmascript).
Did you mean to import Table?
All exports of the module are statically known (It doesn't have dynamic exports). So it's known statically that the requested export doesn't exist.

Import traces:
  Client Component Browser:
    ./app/(protected)/categories/page.tsx [Client Component Browser]
    ./app/(protected)/categories/page.tsx [Server Component]

  Client Component SSR:
    ./app/(protected)/categories/page.tsx [Client Component SSR]
    ./app/(protected)/categories/page.tsx [Server Component]


./app/(protected)/ingredients/page.tsx:8:1
Export TR doesn't exist in target module
   6 | import { Field } from "@/components/ui/field"
   7 | import { Select } from "@/components/ui/select"
>  8 | import { Table, TBody, TD, TH, THead, TR } from "@/components/ui/table"
     | ^^^^^^^^^^^^^^^^^^^^^^^^^^^^^^^^^^^^^^^^^^^^^^^^^^^^^^^^^^^^^^^^^^^^^^^
   9 | import { isApiError, useAuth } from "@/lib/auth"
  10 | import { useAllCategories } from "@/lib/categories"
  11 | import {

The export TR was not found in module [project]/components/ui/table.tsx [app-client] (ecmascript).
Did you mean to import Table?
All exports of the module are statically known (It doesn't have dynamic exports). So it's known statically that the requested export doesn't exist.

Import traces:
  Client Component Browser:
    ./app/(protected)/ingredients/page.tsx [Client Component Browser]
    ./app/(protected)/ingredients/page.tsx [Server Component]

  Client Component SSR:
    ./app/(protected)/ingredients/page.tsx [Client Component SSR]
    ./app/(protected)/ingredients/page.tsx [Server Component]


./app/(protected)/ingredients/page.tsx:8:1
Export TR doesn't exist in target module
   6 | import { Field } from "@/components/ui/field"
   7 | import { Select } from "@/components/ui/select"
>  8 | import { Table, TBody, TD, TH, THead, TR } from "@/components/ui/table"
     | ^^^^^^^^^^^^^^^^^^^^^^^^^^^^^^^^^^^^^^^^^^^^^^^^^^^^^^^^^^^^^^^^^^^^^^^
   9 | import { isApiError, useAuth } from "@/lib/auth"
  10 | import { useAllCategories } from "@/lib/categories"
  11 | import {

The export TR was not found in module [project]/components/ui/table.tsx [app-ssr] (ecmascript).
Did you mean to import Table?
All exports of the module are statically known (It doesn't have dynamic exports). So it's known statically that the requested export doesn't exist.

Import traces:
  Client Component Browser:
    ./app/(protected)/ingredients/page.tsx [Client Component Browser]
    ./app/(protected)/ingredients/page.tsx [Server Component]

  Client Component SSR:
    ./app/(protected)/ingredients/page.tsx [Client Component SSR]
    ./app/(protected)/ingredients/page.tsx [Server Component]


./app/(protected)/notifications/page.tsx:8:1
Export TR doesn't exist in target module
   6 | import { Input } from "@/components/ui/input"
   7 | import { Select } from "@/components/ui/select"
>  8 | import { Table, TBody, TD, TH, THead, TR } from "@/components/ui/table"
     | ^^^^^^^^^^^^^^^^^^^^^^^^^^^^^^^^^^^^^^^^^^^^^^^^^^^^^^^^^^^^^^^^^^^^^^^
   9 | import {
  10 |     NOTIFICATION_STATUSES,
  11 |     useNotifications,

The export TR was not found in module [project]/components/ui/table.tsx [app-client] (ecmascript).
Did you mean to import Table?
All exports of the module are statically known (It doesn't have dynamic exports). So it's known statically that the requested export doesn't exist.

Import traces:
  Client Component Browser:
    ./app/(protected)/notifications/page.tsx [Client Component Browser]
    ./app/(protected)/notifications/page.tsx [Server Component]

  Client Component SSR:
    ./app/(protected)/notifications/page.tsx [Client Component SSR]
    ./app/(protected)/notifications/page.tsx [Server Component]


./app/(protected)/notifications/page.tsx:8:1
Export TR doesn't exist in target module
   6 | import { Input } from "@/components/ui/input"
   7 | import { Select } from "@/components/ui/select"
>  8 | import { Table, TBody, TD, TH, THead, TR } from "@/components/ui/table"
     | ^^^^^^^^^^^^^^^^^^^^^^^^^^^^^^^^^^^^^^^^^^^^^^^^^^^^^^^^^^^^^^^^^^^^^^^
   9 | import {
  10 |     NOTIFICATION_STATUSES,
  11 |     useNotifications,

The export TR was not found in module [project]/components/ui/table.tsx [app-ssr] (ecmascript).
Did you mean to import Table?
All exports of the module are statically known (It doesn't have dynamic exports). So it's known statically that the requested export doesn't exist.

Import traces:
  Client Component Browser:
    ./app/(protected)/notifications/page.tsx [Client Component Browser]
    ./app/(protected)/notifications/page.tsx [Server Component]

  Client Component SSR:
    ./app/(protected)/notifications/page.tsx [Client Component SSR]
    ./app/(protected)/notifications/page.tsx [Server Component]


./app/(protected)/orders/[id]/page.tsx:6:1
Export TR doesn't exist in target module
  4 | import { Badge } from "@/components/ui/badge"
  5 | import { Button } from "@/components/ui/button"
> 6 | import { Table, TBody, TD, TH, THead, TR } from "@/components/ui/table"
    | ^^^^^^^^^^^^^^^^^^^^^^^^^^^^^^^^^^^^^^^^^^^^^^^^^^^^^^^^^^^^^^^^^^^^^^^
  7 | import { isApiError, useAuth } from "@/lib/auth"
  8 | import {
  9 |     useCancelOrder,

The export TR was not found in module [project]/components/ui/table.tsx [app-client] (ecmascript).
Did you mean to import Table?
All exports of the module are statically known (It doesn't have dynamic exports). So it's known statically that the requested export doesn't exist.

Import traces:
  Client Component Browser:
    ./app/(protected)/orders/[id]/page.tsx [Client Component Browser]
    ./app/(protected)/orders/[id]/page.tsx [Server Component]

  Client Component SSR:
    ./app/(protected)/orders/[id]/page.tsx [Client Component SSR]
    ./app/(protected)/orders/[id]/page.tsx [Server Component]


./app/(protected)/orders/[id]/page.tsx:6:1
Export TR doesn't exist in target module
  4 | import { Badge } from "@/components/ui/badge"
  5 | import { Button } from "@/components/ui/button"
> 6 | import { Table, TBody, TD, TH, THead, TR } from "@/components/ui/table"
    | ^^^^^^^^^^^^^^^^^^^^^^^^^^^^^^^^^^^^^^^^^^^^^^^^^^^^^^^^^^^^^^^^^^^^^^^
  7 | import { isApiError, useAuth } from "@/lib/auth"
  8 | import {
  9 |     useCancelOrder,

The export TR was not found in module [project]/components/ui/table.tsx [app-ssr] (ecmascript).
Did you mean to import Table?
All exports of the module are statically known (It doesn't have dynamic exports). So it's known statically that the requested export doesn't exist.

Import traces:
  Client Component Browser:
    ./app/(protected)/orders/[id]/page.tsx [Client Component Browser]
    ./app/(protected)/orders/[id]/page.tsx [Server Component]

  Client Component SSR:
    ./app/(protected)/orders/[id]/page.tsx [Client Component SSR]
    ./app/(protected)/orders/[id]/page.tsx [Server Component]


./app/(protected)/orders/page.tsx:8:1
Export TR doesn't exist in target module
   6 | import { Input } from "@/components/ui/input"
   7 | import { Select } from "@/components/ui/select"
>  8 | import { Table, TBody, TD, TH, THead, TR } from "@/components/ui/table"
     | ^^^^^^^^^^^^^^^^^^^^^^^^^^^^^^^^^^^^^^^^^^^^^^^^^^^^^^^^^^^^^^^^^^^^^^^
   9 | import { useAuth } from "@/lib/auth"
  10 | import {
  11 |     ORDER_STATUSES,

The export TR was not found in module [project]/components/ui/table.tsx [app-client] (ecmascript).
Did you mean to import Table?
All exports of the module are statically known (It doesn't have dynamic exports). So it's known statically that the requested export doesn't exist.

Import traces:
  Client Component Browser:
    ./app/(protected)/orders/page.tsx [Client Component Browser]
    ./app/(protected)/orders/page.tsx [Server Component]

  Client Component SSR:
    ./app/(protected)/orders/page.tsx [Client Component SSR]
    ./app/(protected)/orders/page.tsx [Server Component]


./app/(protected)/orders/page.tsx:8:1
Export TR doesn't exist in target module
   6 | import { Input } from "@/components/ui/input"
   7 | import { Select } from "@/components/ui/select"
>  8 | import { Table, TBody, TD, TH, THead, TR } from "@/components/ui/table"
     | ^^^^^^^^^^^^^^^^^^^^^^^^^^^^^^^^^^^^^^^^^^^^^^^^^^^^^^^^^^^^^^^^^^^^^^^
   9 | import { useAuth } from "@/lib/auth"
  10 | import {
  11 |     ORDER_STATUSES,

The export TR was not found in module [project]/components/ui/table.tsx [app-ssr] (ecmascript).
Did you mean to import Table?
All exports of the module are statically known (It doesn't have dynamic exports). So it's known statically that the requested export doesn't exist.

Import traces:
  Client Component Browser:
    ./app/(protected)/orders/page.tsx [Client Component Browser]
    ./app/(protected)/orders/page.tsx [Server Component]

  Client Component SSR:
    ./app/(protected)/orders/page.tsx [Client Component SSR]
    ./app/(protected)/orders/page.tsx [Server Component]


./app/(protected)/products/[id]/page.tsx:6:1
Export TR doesn't exist in target module
  4 | import { Badge } from "@/components/ui/badge"
  5 | import { Button } from "@/components/ui/button"
> 6 | import { Table, TBody, TD, TH, THead, TR } from "@/components/ui/table"
    | ^^^^^^^^^^^^^^^^^^^^^^^^^^^^^^^^^^^^^^^^^^^^^^^^^^^^^^^^^^^^^^^^^^^^^^^
  7 | import { isApiError, useAuth } from "@/lib/auth"
  8 | import { useDeactivateProduct, useProduct } from "@/lib/products"
  9 | import Link from "next/link"

The export TR was not found in module [project]/components/ui/table.tsx [app-client] (ecmascript).
Did you mean to import Table?
All exports of the module are statically known (It doesn't have dynamic exports). So it's known statically that the requested export doesn't exist.

Import traces:
  Client Component Browser:
    ./app/(protected)/products/[id]/page.tsx [Client Component Browser]
    ./app/(protected)/products/[id]/page.tsx [Server Component]

  Client Component SSR:
    ./app/(protected)/products/[id]/page.tsx [Client Component SSR]
    ./app/(protected)/products/[id]/page.tsx [Server Component]


./app/(protected)/products/[id]/page.tsx:6:1
Export TR doesn't exist in target module
  4 | import { Badge } from "@/components/ui/badge"
  5 | import { Button } from "@/components/ui/button"
> 6 | import { Table, TBody, TD, TH, THead, TR } from "@/components/ui/table"
    | ^^^^^^^^^^^^^^^^^^^^^^^^^^^^^^^^^^^^^^^^^^^^^^^^^^^^^^^^^^^^^^^^^^^^^^^
  7 | import { isApiError, useAuth } from "@/lib/auth"
  8 | import { useDeactivateProduct, useProduct } from "@/lib/products"
  9 | import Link from "next/link"

The export TR was not found in module [project]/components/ui/table.tsx [app-ssr] (ecmascript).
Did you mean to import Table?
All exports of the module are statically known (It doesn't have dynamic exports). So it's known statically that the requested export doesn't exist.

Import traces:
  Client Component Browser:
    ./app/(protected)/products/[id]/page.tsx [Client Component Browser]
    ./app/(protected)/products/[id]/page.tsx [Server Component]

  Client Component SSR:
    ./app/(protected)/products/[id]/page.tsx [Client Component SSR]
    ./app/(protected)/products/[id]/page.tsx [Server Component]


./app/(protected)/products/page.tsx:8:1
Export TR doesn't exist in target module
   6 | import { Field } from "@/components/ui/field"
   7 | import { Select } from "@/components/ui/select"
>  8 | import { Table, TBody, TD, TH, THead, TR } from "@/components/ui/table"
     | ^^^^^^^^^^^^^^^^^^^^^^^^^^^^^^^^^^^^^^^^^^^^^^^^^^^^^^^^^^^^^^^^^^^^^^^
   9 | import { isApiError, useAuth } from "@/lib/auth"
  10 | import { useAllCategories } from "@/lib/categories"
  11 | import {

The export TR was not found in module [project]/components/ui/table.tsx [app-client] (ecmascript).
Did you mean to import Table?
All exports of the module are statically known (It doesn't have dynamic exports). So it's known statically that the requested export doesn't exist.

Import traces:
  Client Component Browser:
    ./app/(protected)/products/page.tsx [Client Component Browser]
    ./app/(protected)/products/page.tsx [Server Component]

  Client Component SSR:
    ./app/(protected)/products/page.tsx [Client Component SSR]
    ./app/(protected)/products/page.tsx [Server Component]


./app/(protected)/products/page.tsx:8:1
Export TR doesn't exist in target module
   6 | import { Field } from "@/components/ui/field"
   7 | import { Select } from "@/components/ui/select"
>  8 | import { Table, TBody, TD, TH, THead, TR } from "@/components/ui/table"
     | ^^^^^^^^^^^^^^^^^^^^^^^^^^^^^^^^^^^^^^^^^^^^^^^^^^^^^^^^^^^^^^^^^^^^^^^
   9 | import { isApiError, useAuth } from "@/lib/auth"
  10 | import { useAllCategories } from "@/lib/categories"
  11 | import {

The export TR was not found in module [project]/components/ui/table.tsx [app-ssr] (ecmascript).
Did you mean to import Table?
All exports of the module are statically known (It doesn't have dynamic exports). So it's known statically that the requested export doesn't exist.

Import traces:
  Client Component Browser:
    ./app/(protected)/products/page.tsx [Client Component Browser]
    ./app/(protected)/products/page.tsx [Server Component]

  Client Component SSR:
    ./app/(protected)/products/page.tsx [Client Component SSR]
    ./app/(protected)/products/page.tsx [Server Component]


./app/(protected)/purchase-orders/[id]/page.tsx:6:1
Export TR doesn't exist in target module
  4 | import { Badge } from "@/components/ui/badge"
  5 | import { Button } from "@/components/ui/button"
> 6 | import { Table, TBody, TD, TH, THead, TR } from "@/components/ui/table"
    | ^^^^^^^^^^^^^^^^^^^^^^^^^^^^^^^^^^^^^^^^^^^^^^^^^^^^^^^^^^^^^^^^^^^^^^^
  7 | import { isApiError, useAuth } from "@/lib/auth"
  8 | import {
  9 |     useCancelPurchaseOrder,

The export TR was not found in module [project]/components/ui/table.tsx [app-client] (ecmascript).
Did you mean to import Table?
All exports of the module are statically known (It doesn't have dynamic exports). So it's known statically that the requested export doesn't exist.

Import traces:
  Client Component Browser:
    ./app/(protected)/purchase-orders/[id]/page.tsx [Client Component Browser]
    ./app/(protected)/purchase-orders/[id]/page.tsx [Server Component]

  Client Component SSR:
    ./app/(protected)/purchase-orders/[id]/page.tsx [Client Component SSR]
    ./app/(protected)/purchase-orders/[id]/page.tsx [Server Component]


./app/(protected)/purchase-orders/[id]/page.tsx:6:1
Export TR doesn't exist in target module
  4 | import { Badge } from "@/components/ui/badge"
  5 | import { Button } from "@/components/ui/button"
> 6 | import { Table, TBody, TD, TH, THead, TR } from "@/components/ui/table"
    | ^^^^^^^^^^^^^^^^^^^^^^^^^^^^^^^^^^^^^^^^^^^^^^^^^^^^^^^^^^^^^^^^^^^^^^^
  7 | import { isApiError, useAuth } from "@/lib/auth"
  8 | import {
  9 |     useCancelPurchaseOrder,

The export TR was not found in module [project]/components/ui/table.tsx [app-ssr] (ecmascript).
Did you mean to import Table?
All exports of the module are statically known (It doesn't have dynamic exports). So it's known statically that the requested export doesn't exist.

Import traces:
  Client Component Browser:
    ./app/(protected)/purchase-orders/[id]/page.tsx [Client Component Browser]
    ./app/(protected)/purchase-orders/[id]/page.tsx [Server Component]

  Client Component SSR:
    ./app/(protected)/purchase-orders/[id]/page.tsx [Client Component SSR]
    ./app/(protected)/purchase-orders/[id]/page.tsx [Server Component]


./app/(protected)/purchase-orders/page.tsx:8:1
Export TR doesn't exist in target module
   6 | import { Input } from "@/components/ui/input"
   7 | import { Select } from "@/components/ui/select"
>  8 | import { Table, TBody, TD, TH, THead, TR } from "@/components/ui/table"
     | ^^^^^^^^^^^^^^^^^^^^^^^^^^^^^^^^^^^^^^^^^^^^^^^^^^^^^^^^^^^^^^^^^^^^^^^
   9 | import { useAuth } from "@/lib/auth"
  10 | import {
  11 |     PURCHASE_ORDER_STATUSES,

The export TR was not found in module [project]/components/ui/table.tsx [app-client] (ecmascript).
Did you mean to import Table?
All exports of the module are statically known (It doesn't have dynamic exports). So it's known statically that the requested export doesn't exist.

Import traces:
  Client Component Browser:
    ./app/(protected)/purchase-orders/page.tsx [Client Component Browser]
    ./app/(protected)/purchase-orders/page.tsx [Server Component]

  Client Component SSR:
    ./app/(protected)/purchase-orders/page.tsx [Client Component SSR]
    ./app/(protected)/purchase-orders/page.tsx [Server Component]


./app/(protected)/purchase-orders/page.tsx:8:1
Export TR doesn't exist in target module
   6 | import { Input } from "@/components/ui/input"
   7 | import { Select } from "@/components/ui/select"
>  8 | import { Table, TBody, TD, TH, THead, TR } from "@/components/ui/table"
     | ^^^^^^^^^^^^^^^^^^^^^^^^^^^^^^^^^^^^^^^^^^^^^^^^^^^^^^^^^^^^^^^^^^^^^^^
   9 | import { useAuth } from "@/lib/auth"
  10 | import {
  11 |     PURCHASE_ORDER_STATUSES,

The export TR was not found in module [project]/components/ui/table.tsx [app-ssr] (ecmascript).
Did you mean to import Table?
All exports of the module are statically known (It doesn't have dynamic exports). So it's known statically that the requested export doesn't exist.

Import traces:
  Client Component Browser:
    ./app/(protected)/purchase-orders/page.tsx [Client Component Browser]
    ./app/(protected)/purchase-orders/page.tsx [Server Component]

  Client Component SSR:
    ./app/(protected)/purchase-orders/page.tsx [Client Component SSR]
    ./app/(protected)/purchase-orders/page.tsx [Server Component]


./app/(protected)/reports/consumption/page.tsx:9:1
Export TR doesn't exist in target module
   7 | import { Input } from "@/components/ui/input"
   8 | import { Select } from "@/components/ui/select"
>  9 | import { Table, TBody, TD, TH, THead, TR } from "@/components/ui/table"
     | ^^^^^^^^^^^^^^^^^^^^^^^^^^^^^^^^^^^^^^^^^^^^^^^^^^^^^^^^^^^^^^^^^^^^^^^
  10 | import { useAllIngredients } from "@/lib/ingredients"
  11 | import {
  12 |     reportsRangeFiltersSchema,

The export TR was not found in module [project]/components/ui/table.tsx [app-client] (ecmascript).
Did you mean to import Table?
All exports of the module are statically known (It doesn't have dynamic exports). So it's known statically that the requested export doesn't exist.

Import traces:
  Client Component Browser:
    ./app/(protected)/reports/consumption/page.tsx [Client Component Browser]
    ./app/(protected)/reports/consumption/page.tsx [Server Component]

  Client Component SSR:
    ./app/(protected)/reports/consumption/page.tsx [Client Component SSR]
    ./app/(protected)/reports/consumption/page.tsx [Server Component]


./app/(protected)/reports/consumption/page.tsx:9:1
Export TR doesn't exist in target module
   7 | import { Input } from "@/components/ui/input"
   8 | import { Select } from "@/components/ui/select"
>  9 | import { Table, TBody, TD, TH, THead, TR } from "@/components/ui/table"
     | ^^^^^^^^^^^^^^^^^^^^^^^^^^^^^^^^^^^^^^^^^^^^^^^^^^^^^^^^^^^^^^^^^^^^^^^
  10 | import { useAllIngredients } from "@/lib/ingredients"
  11 | import {
  12 |     reportsRangeFiltersSchema,

The export TR was not found in module [project]/components/ui/table.tsx [app-ssr] (ecmascript).
Did you mean to import Table?
All exports of the module are statically known (It doesn't have dynamic exports). So it's known statically that the requested export doesn't exist.

Import traces:
  Client Component Browser:
    ./app/(protected)/reports/consumption/page.tsx [Client Component Browser]
    ./app/(protected)/reports/consumption/page.tsx [Server Component]

  Client Component SSR:
    ./app/(protected)/reports/consumption/page.tsx [Client Component SSR]
    ./app/(protected)/reports/consumption/page.tsx [Server Component]


./app/(protected)/reports/sales/page.tsx:10:1
Export TR doesn't exist in target module
   8 | import { Input } from "@/components/ui/input"
   9 | import { Select } from "@/components/ui/select"
> 10 | import { Table, TBody, TD, TH, THead, TR } from "@/components/ui/table"
     | ^^^^^^^^^^^^^^^^^^^^^^^^^^^^^^^^^^^^^^^^^^^^^^^^^^^^^^^^^^^^^^^^^^^^^^^
  11 | import { useAllProducts } from "@/lib/products"
  12 | import {
  13 |     reportsRangeFiltersSchema,

The export TR was not found in module [project]/components/ui/table.tsx [app-client] (ecmascript).
Did you mean to import Table?
All exports of the module are statically known (It doesn't have dynamic exports). So it's known statically that the requested export doesn't exist.

Import traces:
  Client Component Browser:
    ./app/(protected)/reports/sales/page.tsx [Client Component Browser]
    ./app/(protected)/reports/sales/page.tsx [Server Component]

  Client Component SSR:
    ./app/(protected)/reports/sales/page.tsx [Client Component SSR]
    ./app/(protected)/reports/sales/page.tsx [Server Component]


./app/(protected)/reports/sales/page.tsx:10:1
Export TR doesn't exist in target module
   8 | import { Input } from "@/components/ui/input"
   9 | import { Select } from "@/components/ui/select"
> 10 | import { Table, TBody, TD, TH, THead, TR } from "@/components/ui/table"
     | ^^^^^^^^^^^^^^^^^^^^^^^^^^^^^^^^^^^^^^^^^^^^^^^^^^^^^^^^^^^^^^^^^^^^^^^
  11 | import { useAllProducts } from "@/lib/products"
  12 | import {
  13 |     reportsRangeFiltersSchema,

The export TR was not found in module [project]/components/ui/table.tsx [app-ssr] (ecmascript).
Did you mean to import Table?
All exports of the module are statically known (It doesn't have dynamic exports). So it's known statically that the requested export doesn't exist.

Import traces:
  Client Component Browser:
    ./app/(protected)/reports/sales/page.tsx [Client Component Browser]
    ./app/(protected)/reports/sales/page.tsx [Server Component]

  Client Component SSR:
    ./app/(protected)/reports/sales/page.tsx [Client Component SSR]
    ./app/(protected)/reports/sales/page.tsx [Server Component]


./app/(protected)/reports/stock-status/page.tsx:9:1
Export TR doesn't exist in target module
   7 | import { Field } from "@/components/ui/field"
   8 | import { Select } from "@/components/ui/select"
>  9 | import { Table, TBody, TD, TH, THead, TR } from "@/components/ui/table"
     | ^^^^^^^^^^^^^^^^^^^^^^^^^^^^^^^^^^^^^^^^^^^^^^^^^^^^^^^^^^^^^^^^^^^^^^^
  10 | import { useStockStatusReport, type StockStatusRow } from "@/lib/reports"
  11 | import { useAllUnits } from "@/lib/units"
  12 | import Link from "next/link"

The export TR was not found in module [project]/components/ui/table.tsx [app-client] (ecmascript).
Did you mean to import Table?
All exports of the module are statically known (It doesn't have dynamic exports). So it's known statically that the requested export doesn't exist.

Import traces:
  Client Component Browser:
    ./app/(protected)/reports/stock-status/page.tsx [Client Component Browser]
    ./app/(protected)/reports/stock-status/page.tsx [Server Component]

  Client Component SSR:
    ./app/(protected)/reports/stock-status/page.tsx [Client Component SSR]
    ./app/(protected)/reports/stock-status/page.tsx [Server Component]


./app/(protected)/reports/stock-status/page.tsx:9:1
Export TR doesn't exist in target module
   7 | import { Field } from "@/components/ui/field"
   8 | import { Select } from "@/components/ui/select"
>  9 | import { Table, TBody, TD, TH, THead, TR } from "@/components/ui/table"
     | ^^^^^^^^^^^^^^^^^^^^^^^^^^^^^^^^^^^^^^^^^^^^^^^^^^^^^^^^^^^^^^^^^^^^^^^
  10 | import { useStockStatusReport, type StockStatusRow } from "@/lib/reports"
  11 | import { useAllUnits } from "@/lib/units"
  12 | import Link from "next/link"

The export TR was not found in module [project]/components/ui/table.tsx [app-ssr] (ecmascript).
Did you mean to import Table?
All exports of the module are statically known (It doesn't have dynamic exports). So it's known statically that the requested export doesn't exist.

Import traces:
  Client Component Browser:
    ./app/(protected)/reports/stock-status/page.tsx [Client Component Browser]
    ./app/(protected)/reports/stock-status/page.tsx [Server Component]

  Client Component SSR:
    ./app/(protected)/reports/stock-status/page.tsx [Client Component SSR]
    ./app/(protected)/reports/stock-status/page.tsx [Server Component]


./app/(protected)/reports/waste/page.tsx:9:1
Export TR doesn't exist in target module
   7 | import { Input } from "@/components/ui/input"
   8 | import { Select } from "@/components/ui/select"
>  9 | import { Table, TBody, TD, TH, THead, TR } from "@/components/ui/table"
     | ^^^^^^^^^^^^^^^^^^^^^^^^^^^^^^^^^^^^^^^^^^^^^^^^^^^^^^^^^^^^^^^^^^^^^^^
  10 | import { useAllIngredients } from "@/lib/ingredients"
  11 | import {
  12 |     reportsRangeFiltersSchema,

The export TR was not found in module [project]/components/ui/table.tsx [app-client] (ecmascript).
Did you mean to import Table?
All exports of the module are statically known (It doesn't have dynamic exports). So it's known statically that the requested export doesn't exist.

Import traces:
  Client Component Browser:
    ./app/(protected)/reports/waste/page.tsx [Client Component Browser]
    ./app/(protected)/reports/waste/page.tsx [Server Component]

  Client Component SSR:
    ./app/(protected)/reports/waste/page.tsx [Client Component SSR]
    ./app/(protected)/reports/waste/page.tsx [Server Component]


./app/(protected)/reports/waste/page.tsx:9:1
Export TR doesn't exist in target module
   7 | import { Input } from "@/components/ui/input"
   8 | import { Select } from "@/components/ui/select"
>  9 | import { Table, TBody, TD, TH, THead, TR } from "@/components/ui/table"
     | ^^^^^^^^^^^^^^^^^^^^^^^^^^^^^^^^^^^^^^^^^^^^^^^^^^^^^^^^^^^^^^^^^^^^^^^
  10 | import { useAllIngredients } from "@/lib/ingredients"
  11 | import {
  12 |     reportsRangeFiltersSchema,

The export TR was not found in module [project]/components/ui/table.tsx [app-ssr] (ecmascript).
Did you mean to import Table?
All exports of the module are statically known (It doesn't have dynamic exports). So it's known statically that the requested export doesn't exist.

Import traces:
  Client Component Browser:
    ./app/(protected)/reports/waste/page.tsx [Client Component Browser]
    ./app/(protected)/reports/waste/page.tsx [Server Component]

  Client Component SSR:
    ./app/(protected)/reports/waste/page.tsx [Client Component SSR]
    ./app/(protected)/reports/waste/page.tsx [Server Component]


./app/(protected)/stock-movements/page.tsx:8:1
Export TR doesn't exist in target module
   6 | import { Input } from "@/components/ui/input"
   7 | import { Select } from "@/components/ui/select"
>  8 | import { Table, TBody, TD, TH, THead, TR } from "@/components/ui/table"
     | ^^^^^^^^^^^^^^^^^^^^^^^^^^^^^^^^^^^^^^^^^^^^^^^^^^^^^^^^^^^^^^^^^^^^^^^
   9 | import { useAuth } from "@/lib/auth"
  10 | import { useAllIngredients } from "@/lib/ingredients"
  11 | import {

The export TR was not found in module [project]/components/ui/table.tsx [app-client] (ecmascript).
Did you mean to import Table?
All exports of the module are statically known (It doesn't have dynamic exports). So it's known statically that the requested export doesn't exist.

Import traces:
  Client Component Browser:
    ./app/(protected)/stock-movements/page.tsx [Client Component Browser]
    ./app/(protected)/stock-movements/page.tsx [Server Component]

  Client Component SSR:
    ./app/(protected)/stock-movements/page.tsx [Client Component SSR]
    ./app/(protected)/stock-movements/page.tsx [Server Component]


./app/(protected)/stock-movements/page.tsx:8:1
Export TR doesn't exist in target module
   6 | import { Input } from "@/components/ui/input"
   7 | import { Select } from "@/components/ui/select"
>  8 | import { Table, TBody, TD, TH, THead, TR } from "@/components/ui/table"
     | ^^^^^^^^^^^^^^^^^^^^^^^^^^^^^^^^^^^^^^^^^^^^^^^^^^^^^^^^^^^^^^^^^^^^^^^
   9 | import { useAuth } from "@/lib/auth"
  10 | import { useAllIngredients } from "@/lib/ingredients"
  11 | import {

The export TR was not found in module [project]/components/ui/table.tsx [app-ssr] (ecmascript).
Did you mean to import Table?
All exports of the module are statically known (It doesn't have dynamic exports). So it's known statically that the requested export doesn't exist.

Import traces:
  Client Component Browser:
    ./app/(protected)/stock-movements/page.tsx [Client Component Browser]
    ./app/(protected)/stock-movements/page.tsx [Server Component]

  Client Component SSR:
    ./app/(protected)/stock-movements/page.tsx [Client Component SSR]
    ./app/(protected)/stock-movements/page.tsx [Server Component]


./app/(protected)/stock/page.tsx:7:1
Export TR doesn't exist in target module
   5 | import { Field } from "@/components/ui/field"
   6 | import { Select } from "@/components/ui/select"
>  7 | import { Table, TBody, TD, TH, THead, TR } from "@/components/ui/table"
     | ^^^^^^^^^^^^^^^^^^^^^^^^^^^^^^^^^^^^^^^^^^^^^^^^^^^^^^^^^^^^^^^^^^^^^^^
   8 | import { useAllIngredients } from "@/lib/ingredients"
   9 | import { useLowStock, useStock } from "@/lib/stock"
  10 | import { useAllUnits } from "@/lib/units"

The export TR was not found in module [project]/components/ui/table.tsx [app-client] (ecmascript).
Did you mean to import Table?
All exports of the module are statically known (It doesn't have dynamic exports). So it's known statically that the requested export doesn't exist.

Import traces:
  Client Component Browser:
    ./app/(protected)/stock/page.tsx [Client Component Browser]
    ./app/(protected)/stock/page.tsx [Server Component]

  Client Component SSR:
    ./app/(protected)/stock/page.tsx [Client Component SSR]
    ./app/(protected)/stock/page.tsx [Server Component]


./app/(protected)/stock/page.tsx:7:1
Export TR doesn't exist in target module
   5 | import { Field } from "@/components/ui/field"
   6 | import { Select } from "@/components/ui/select"
>  7 | import { Table, TBody, TD, TH, THead, TR } from "@/components/ui/table"
     | ^^^^^^^^^^^^^^^^^^^^^^^^^^^^^^^^^^^^^^^^^^^^^^^^^^^^^^^^^^^^^^^^^^^^^^^
   8 | import { useAllIngredients } from "@/lib/ingredients"
   9 | import { useLowStock, useStock } from "@/lib/stock"
  10 | import { useAllUnits } from "@/lib/units"

The export TR was not found in module [project]/components/ui/table.tsx [app-ssr] (ecmascript).
Did you mean to import Table?
All exports of the module are statically known (It doesn't have dynamic exports). So it's known statically that the requested export doesn't exist.

Import traces:
  Client Component Browser:
    ./app/(protected)/stock/page.tsx [Client Component Browser]
    ./app/(protected)/stock/page.tsx [Server Component]

  Client Component SSR:
    ./app/(protected)/stock/page.tsx [Client Component SSR]
    ./app/(protected)/stock/page.tsx [Server Component]


./app/(protected)/suppliers/page.tsx:6:1
Export TR doesn't exist in target module
  4 | import { Badge } from "@/components/ui/badge"
  5 | import { Button } from "@/components/ui/button"
> 6 | import { Table, TBody, TD, TH, THead, TR } from "@/components/ui/table"
    | ^^^^^^^^^^^^^^^^^^^^^^^^^^^^^^^^^^^^^^^^^^^^^^^^^^^^^^^^^^^^^^^^^^^^^^^
  7 | import { isApiError, useAuth } from "@/lib/auth"
  8 | import { useDeactivateSupplier, useSuppliers, type Supplier } from "@/lib/suppliers"
  9 | import { Pencil, Plus, Power } from "lucide-react"

The export TR was not found in module [project]/components/ui/table.tsx [app-client] (ecmascript).
Did you mean to import Table?
All exports of the module are statically known (It doesn't have dynamic exports). So it's known statically that the requested export doesn't exist.

Import traces:
  Client Component Browser:
    ./app/(protected)/suppliers/page.tsx [Client Component Browser]
    ./app/(protected)/suppliers/page.tsx [Server Component]

  Client Component SSR:
    ./app/(protected)/suppliers/page.tsx [Client Component SSR]
    ./app/(protected)/suppliers/page.tsx [Server Component]


./app/(protected)/suppliers/page.tsx:6:1
Export TR doesn't exist in target module
  4 | import { Badge } from "@/components/ui/badge"
  5 | import { Button } from "@/components/ui/button"
> 6 | import { Table, TBody, TD, TH, THead, TR } from "@/components/ui/table"
    | ^^^^^^^^^^^^^^^^^^^^^^^^^^^^^^^^^^^^^^^^^^^^^^^^^^^^^^^^^^^^^^^^^^^^^^^
  7 | import { isApiError, useAuth } from "@/lib/auth"
  8 | import { useDeactivateSupplier, useSuppliers, type Supplier } from "@/lib/suppliers"
  9 | import { Pencil, Plus, Power } from "lucide-react"

The export TR was not found in module [project]/components/ui/table.tsx [app-ssr] (ecmascript).
Did you mean to import Table?
All exports of the module are statically known (It doesn't have dynamic exports). So it's known statically that the requested export doesn't exist.

Import traces:
  Client Component Browser:
    ./app/(protected)/suppliers/page.tsx [Client Component Browser]
    ./app/(protected)/suppliers/page.tsx [Server Component]

  Client Component SSR:
    ./app/(protected)/suppliers/page.tsx [Client Component SSR]
    ./app/(protected)/suppliers/page.tsx [Server Component]


./app/(protected)/units/page.tsx:6:1
Export TR doesn't exist in target module
  4 | import { Badge } from "@/components/ui/badge"
  5 | import { Button } from "@/components/ui/button"
> 6 | import { Table, TBody, TD, TH, THead, TR } from "@/components/ui/table"
    | ^^^^^^^^^^^^^^^^^^^^^^^^^^^^^^^^^^^^^^^^^^^^^^^^^^^^^^^^^^^^^^^^^^^^^^^
  7 | import { isApiError, useAuth } from "@/lib/auth"
  8 | import { useDeactivateUnit, useUnits, type Unit } from "@/lib/units"
  9 | import { Pencil, Plus, Power } from "lucide-react"

The export TR was not found in module [project]/components/ui/table.tsx [app-client] (ecmascript).
Did you mean to import Table?
All exports of the module are statically known (It doesn't have dynamic exports). So it's known statically that the requested export doesn't exist.

Import traces:
  Client Component Browser:
    ./app/(protected)/units/page.tsx [Client Component Browser]
    ./app/(protected)/units/page.tsx [Server Component]

  Client Component SSR:
    ./app/(protected)/units/page.tsx [Client Component SSR]
    ./app/(protected)/units/page.tsx [Server Component]


./app/(protected)/units/page.tsx:6:1
Export TR doesn't exist in target module
  4 | import { Badge } from "@/components/ui/badge"
  5 | import { Button } from "@/components/ui/button"
> 6 | import { Table, TBody, TD, TH, THead, TR } from "@/components/ui/table"
    | ^^^^^^^^^^^^^^^^^^^^^^^^^^^^^^^^^^^^^^^^^^^^^^^^^^^^^^^^^^^^^^^^^^^^^^^
  7 | import { isApiError, useAuth } from "@/lib/auth"
  8 | import { useDeactivateUnit, useUnits, type Unit } from "@/lib/units"
  9 | import { Pencil, Plus, Power } from "lucide-react"

The export TR was not found in module [project]/components/ui/table.tsx [app-ssr] (ecmascript).
Did you mean to import Table?
All exports of the module are statically known (It doesn't have dynamic exports). So it's known statically that the requested export doesn't exist.

Import traces:
  Client Component Browser:
    ./app/(protected)/units/page.tsx [Client Component Browser]
    ./app/(protected)/units/page.tsx [Server Component]

  Client Component SSR:
    ./app/(protected)/units/page.tsx [Client Component SSR]
    ./app/(protected)/units/page.tsx [Server Component]


./app/(protected)/users/page.tsx:6:1
Export TR doesn't exist in target module
  4 | import { Badge } from "@/components/ui/badge"
  5 | import { Button } from "@/components/ui/button"
> 6 | import { Table, TBody, TD, TH, THead, TR } from "@/components/ui/table"
    | ^^^^^^^^^^^^^^^^^^^^^^^^^^^^^^^^^^^^^^^^^^^^^^^^^^^^^^^^^^^^^^^^^^^^^^^
  7 | import { isApiError, useAuth } from "@/lib/auth"
  8 | import {
  9 |     useDeactivateUser,

The export TR was not found in module [project]/components/ui/table.tsx [app-client] (ecmascript).
Did you mean to import Table?
All exports of the module are statically known (It doesn't have dynamic exports). So it's known statically that the requested export doesn't exist.

Import traces:
  Client Component Browser:
    ./app/(protected)/users/page.tsx [Client Component Browser]
    ./app/(protected)/users/page.tsx [Server Component]

  Client Component SSR:
    ./app/(protected)/users/page.tsx [Client Component SSR]
    ./app/(protected)/users/page.tsx [Server Component]


./app/(protected)/users/page.tsx:6:1
Export TR doesn't exist in target module
  4 | import { Badge } from "@/components/ui/badge"
  5 | import { Button } from "@/components/ui/button"
> 6 | import { Table, TBody, TD, TH, THead, TR } from "@/components/ui/table"
    | ^^^^^^^^^^^^^^^^^^^^^^^^^^^^^^^^^^^^^^^^^^^^^^^^^^^^^^^^^^^^^^^^^^^^^^^
  7 | import { isApiError, useAuth } from "@/lib/auth"
  8 | import {
  9 |     useDeactivateUser,

The export TR was not found in module [project]/components/ui/table.tsx [app-ssr] (ecmascript).
Did you mean to import Table?
All exports of the module are statically known (It doesn't have dynamic exports). So it's known statically that the requested export doesn't exist.

Import traces:
  Client Component Browser:
    ./app/(protected)/users/page.tsx [Client Component Browser]
    ./app/(protected)/users/page.tsx [Server Component]

  Client Component SSR:
    ./app/(protected)/users/page.tsx [Client Component SSR]
    ./app/(protected)/users/page.tsx [Server Component]


    at <unknown> (./app/(protected)/audit-logs/page.tsx:8:1)
    at <unknown> (./app/(protected)/audit-logs/page.tsx:8:1)
    at <unknown> (./app/(protected)/categories/page.tsx:5:1)
    at <unknown> (./app/(protected)/categories/page.tsx:5:1)
    at <unknown> (./app/(protected)/ingredients/page.tsx:8:1)
    at <unknown> (./app/(protected)/ingredients/page.tsx:8:1)
    at <unknown> (./app/(protected)/notifications/page.tsx:8:1)
    at <unknown> (./app/(protected)/notifications/page.tsx:8:1)
    at <unknown> (./app/(protected)/orders/[id]/page.tsx:6:1)
    at <unknown> (./app/(protected)/orders/[id]/page.tsx:6:1)
    at <unknown> (./app/(protected)/orders/page.tsx:8:1)
    at <unknown> (./app/(protected)/orders/page.tsx:8:1)
    at <unknown> (./app/(protected)/products/[id]/page.tsx:6:1)
    at <unknown> (./app/(protected)/products/[id]/page.tsx:6:1)
    at <unknown> (./app/(protected)/products/page.tsx:8:1)
    at <unknown> (./app/(protected)/products/page.tsx:8:1)
    at <unknown> (./app/(protected)/purchase-orders/[id]/page.tsx:6:1)
    at <unknown> (./app/(protected)/purchase-orders/[id]/page.tsx:6:1)
    at <unknown> (./app/(protected)/purchase-orders/page.tsx:8:1)
    at <unknown> (./app/(protected)/purchase-orders/page.tsx:8:1)
    at <unknown> (./app/(protected)/reports/consumption/page.tsx:9:1)
    at <unknown> (./app/(protected)/reports/consumption/page.tsx:9:1)
    at <unknown> (./app/(protected)/reports/sales/page.tsx:10:1)
    at <unknown> (./app/(protected)/reports/sales/page.tsx:10:1)
    at <unknown> (./app/(protected)/reports/stock-status/page.tsx:9:1)
    at <unknown> (./app/(protected)/reports/stock-status/page.tsx:9:1)
    at <unknown> (./app/(protected)/reports/waste/page.tsx:9:1)
    at <unknown> (./app/(protected)/reports/waste/page.tsx:9:1)
    at <unknown> (./app/(protected)/stock-movements/page.tsx:8:1)
    at <unknown> (./app/(protected)/stock-movements/page.tsx:8:1)
    at <unknown> (./app/(protected)/stock/page.tsx:7:1)
    at <unknown> (./app/(protected)/stock/page.tsx:7:1)
    at <unknown> (./app/(protected)/suppliers/page.tsx:6:1)
    at <unknown> (./app/(protected)/suppliers/page.tsx:6:1)
    at <unknown> (./app/(protected)/units/page.tsx:6:1)
    at <unknown> (./app/(protected)/units/page.tsx:6:1)
    at <unknown> (./app/(protected)/users/page.tsx:6:1)
    at <unknown> (./app/(protected)/users/page.tsx:6:1)
    at <unknown> (./app/(protected)/audit-logs/page.tsx:8:1)
    ... collapsed 114 duplicate lines matching above 38 lines 3 times...
    at <unknown> (./app/(protected)/audit-logs/page.tsx:8:1)
    at <unknown> (./app/(protected)/categories/page.tsx:5:1)
    at <unknown> (./app/(protected)/categories/page.tsx:5:1)
    at <unknown> (./app/(protected)/ingredients/page.tsx:8:1)
    at <unknown> (./app/(protected)/ingredients/page.tsx:8:1)
    at <unknown> (./app/(protected)/notifications/page.tsx:8:1)
    at <unknown> (./app/(protected)/notifications/page.tsx:8:1)
    at <unknown> (./app/(protected)/orders/[id]/page.tsx:6:1)
    at <unknown> (./app/(protected)/orders/[id]/page.tsx:6:1)
    at <unknown> (./app/(protected)/orders/page.tsx:8:1)
    at <unknown> (./app/(protected)/orders/page.tsx:8:1)
    at <unknown> (./app/(protected)/products/[id]/page.tsx:6:1)
    at <unknown> (./app/(protected)/products/[id]/page.tsx:6:1)
    at <unknown> (./app/(protected)/products/page.tsx:8:1)
    at <unknown> (./app/(protected)/products/page.tsx:8:1)
    at <unknown> (./app/(protected)/purchase-orders/[id]/page.tsx:6:1)
    at <unknown> (./app/(protected)/purchase-orders/[id]/page.tsx:6:1)
    at <unknown> (./app/(protected)/purchase-orders/page.tsx:8:1)
    at <unknown> (./app/(protected)/purchase-orders/page.tsx:8:1)
    at <unknown> (./app/(protected)/reports/consumption/page.tsx:9:1)
    at <unknown> (./app/(protected)/reports/consumption/page.tsx:9:1)
    at <unknown> (./app/(protected)/reports/sales/page.tsx:10:1)
    at <unknown> (./app/(protected)/reports/sales/page.tsx:10:1)
    at <unknown> (./app/(protected)/reports/stock-status/page.tsx:9:1)
    at <unknown> (./app/(protected)/reports/stock-status/page.tsx:9:1)
    at <unknown> (./app/(protected)/reports/waste/page.tsx:9:1)
    at <unknown> (./app/(protected)/reports/waste/page.tsx:9:1)
    at <unknown> (./app/(protected)/stock-movements/page.tsx:8:1)
    at <unknown> (./app/(protected)/stock-movements/page.tsx:8:1)
    at <unknown> (./app/(protected)/stock/page.tsx:7:1)
    at <unknown> (./app/(protected)/stock/page.tsx:7:1)
    at <unknown> (./app/(protected)/suppliers/page.tsx:6:1)
    at <unknown> (./app/(protected)/suppliers/page.tsx:6:1)
    at <unknown> (./app/(protected)/units/page.tsx:6:1)
    at <unknown> (./app/(protected)/units/page.tsx:6:1)
    at <unknown> (./app/(protected)/users/page.tsx:6:1)
    at <unknown> (./app/(protected)/users/page.tsx:6:1)
